sl_no,heads_of_crime,major_head,minor_head,current_year_upto,prev_year_same_month,prev_month,current_month,month
1,A - IPC Crime,Murder (Sec.302/303 IPC),For gain,24.0,2.0,1.0,5.0,July
2,A - IPC Crime,Murder (Sec.302/303 IPC),Over Property Dispute,18.0,3.0,1.0,1.0,July
3,A - IPC Crime,Murder (Sec.302/303 IPC),Due to Personal Vendetta or enemity,18.0,3.0,4.0,1.0,July
4,A - IPC Crime,Murder (Sec.302/303 IPC),Due to Sexual jealousy,13.0,3.0,5.0,1.0,July
5,A - IPC Crime,Murder (Sec.302/303 IPC),For dowry by burning,0.0,0.0,0.0,0.0,July
6,A - IPC Crime,Murder (Sec.302/303 IPC),For dowry by other means,9.0,0.0,3.0,4.0,July
7,A - IPC Crime,Murder (Sec.302/303 IPC),Due to Communalism,0.0,0.0,0.0,0.0,July
8,A - IPC Crime,Murder (Sec.302/303 IPC),Due to Casteism,0.0,0.0,0.0,0.0,July
9,A - IPC Crime,Murder (Sec.302/303 IPC),Witch Craft (Sorcery),0.0,0.0,0.0,0.0,July
10,A - IPC Crime,Murder (Sec.302/303 IPC),For Human Sacrifice,2.0,0.0,0.0,0.0,July
11,A - IPC Crime,Murder (Sec.302/303 IPC),Due to Terrorism/Naxalism / Extremism,0.0,0.0,0.0,0.0,July
12,A - IPC Crime,Murder (Sec.302/303 IPC),For Political Reasons,0.0,0.0,0.0,0.0,July
13,A - IPC Crime,Murder (Sec.302/303 IPC),Due to Adultery,15.0,2.0,1.0,1.0,July
14,A - IPC Crime,Murder (Sec.302/303 IPC),Civil Disputes,40.0,2.0,4.0,4.0,July
15,A - IPC Crime,Murder (Sec.302/303 IPC),Electoral Gain,0.0,0.0,0.0,0.0,July
16,A - IPC Crime,Murder (Sec.302/303 IPC),Gang Rivalry,1.0,0.0,0.0,0.0,July
17,A - IPC Crime,Murder (Sec.302/303 IPC),Love Intrigue,18.0,2.0,7.0,2.0,July
18,A - IPC Crime,Murder (Sec.302/303 IPC),Professional ,0.0,0.0,0.0,0.0,July
19,A - IPC Crime,Murder (Sec.302/303 IPC),Psychopathic/Serial Killer/Lunacy,0.0,0.0,0.0,0.0,July
20,A - IPC Crime,Murder (Sec.302/303 IPC),Rape with Murder,6.0,1.0,1.0,0.0,July
21,A - IPC Crime,Murder (Sec.302/303 IPC),Revenge/Enemity,38.0,4.0,6.0,5.0,July
22,A - IPC Crime,Murder (Sec.302/303 IPC),Sudden Quarrel,66.0,4.0,7.0,7.0,July
23,A - IPC Crime,Murder (Sec.302/303 IPC),Village Dispute,0.0,0.0,0.0,0.0,July
24,A - IPC Crime,Murder (Sec.302/303 IPC),Custodial,0.0,0.0,0.0,0.0,July
25,A - IPC Crime,Murder (Sec.302/303 IPC),Due to Other Causes,548.0,74.0,52.0,63.0,July
26,A - IPC Crime,ATTEMPT TO MURDER (Sec. 307 IPC),For Gain ,14.0,5.0,2.0,2.0,July
27,A - IPC Crime,ATTEMPT TO MURDER (Sec. 307 IPC),Over Property Dispute,45.0,5.0,6.0,4.0,July
28,A - IPC Crime,ATTEMPT TO MURDER (Sec. 307 IPC),Due to Personal Vendetta or enemity,56.0,13.0,5.0,3.0,July
29,A - IPC Crime,ATTEMPT TO MURDER (Sec. 307 IPC),Due to Sexual jealousy,15.0,0.0,1.0,3.0,July
30,A - IPC Crime,ATTEMPT TO MURDER (Sec. 307 IPC),For Dowry other Means,25.0,5.0,2.0,4.0,July
31,A - IPC Crime,ATTEMPT TO MURDER (Sec. 307 IPC),Dowry By Burning,1.0,0.0,0.0,0.0,July
32,A - IPC Crime,ATTEMPT TO MURDER (Sec. 307 IPC),Due to Communalism,3.0,0.0,0.0,0.0,July
33,A - IPC Crime,ATTEMPT TO MURDER (Sec. 307 IPC),Due to Casteism,2.0,1.0,0.0,0.0,July
34,A - IPC Crime,ATTEMPT TO MURDER (Sec. 307 IPC),Witch Craft (Sorcery),0.0,0.0,0.0,0.0,July
35,A - IPC Crime,ATTEMPT TO MURDER (Sec. 307 IPC),For Human Sacrifice,0.0,0.0,0.0,0.0,July
36,A - IPC Crime,ATTEMPT TO MURDER (Sec. 307 IPC),Terrorism /Naxalism / Extremism,0.0,0.0,0.0,0.0,July
37,A - IPC Crime,ATTEMPT TO MURDER (Sec. 307 IPC),For Political Reasons,10.0,5.0,0.0,0.0,July
38,A - IPC Crime,ATTEMPT TO MURDER (Sec. 307 IPC),Adultery,12.0,0.0,1.0,3.0,July
39,A - IPC Crime,ATTEMPT TO MURDER (Sec. 307 IPC),Electoral Gain,0.0,0.0,0.0,0.0,July
40,A - IPC Crime,ATTEMPT TO MURDER (Sec. 307 IPC),Gang Rivalry,1.0,0.0,0.0,1.0,July
41,A - IPC Crime,ATTEMPT TO MURDER (Sec. 307 IPC),Love Intrigue,11.0,2.0,0.0,1.0,July
42,A - IPC Crime,ATTEMPT TO MURDER (Sec. 307 IPC),Professional ,1.0,0.0,0.0,0.0,July
43,A - IPC Crime,ATTEMPT TO MURDER (Sec. 307 IPC),Rape,0.0,0.0,0.0,0.0,July
44,A - IPC Crime,ATTEMPT TO MURDER (Sec. 307 IPC),Revenge/Enemity,164.0,23.0,12.0,15.0,July
45,A - IPC Crime,ATTEMPT TO MURDER (Sec. 307 IPC),Sudden Quarrel,184.0,23.0,20.0,21.0,July
46,A - IPC Crime,ATTEMPT TO MURDER (Sec. 307 IPC),Village Dispute,5.0,1.0,2.0,0.0,July
47,A - IPC Crime,ATTEMPT TO MURDER (Sec. 307 IPC),Due to Other Causes,1191.0,172.0,128.0,167.0,July
48,A - IPC Crime,ATTEMPT TO MURDER (Sec. 307 IPC),Civil Disputes,189.0,29.0,20.0,21.0,July
49,A - IPC Crime,CULPABLE HOMICIDE NOT AMOUNTING TO MUDER (Sec.304 IPC),For Gain,0.0,0.0,0.0,0.0,July
50,A - IPC Crime,CULPABLE HOMICIDE NOT AMOUNTING TO MUDER (Sec.304 IPC),Over Civil Dispute,0.0,0.0,0.0,0.0,July
51,A - IPC Crime,CULPABLE HOMICIDE NOT AMOUNTING TO MUDER (Sec.304 IPC),Due to Personal Vendetta or enemity,0.0,0.0,0.0,0.0,July
52,A - IPC Crime,CULPABLE HOMICIDE NOT AMOUNTING TO MUDER (Sec.304 IPC),Due to Sexual jealousy,0.0,0.0,0.0,0.0,July
53,A - IPC Crime,CULPABLE HOMICIDE NOT AMOUNTING TO MUDER (Sec.304 IPC),For Dowry,0.0,0.0,0.0,0.0,July
54,A - IPC Crime,CULPABLE HOMICIDE NOT AMOUNTING TO MUDER (Sec.304 IPC),Due to Communalism,0.0,0.0,0.0,0.0,July
55,A - IPC Crime,CULPABLE HOMICIDE NOT AMOUNTING TO MUDER (Sec.304 IPC),Due to Casteism,0.0,0.0,0.0,0.0,July
56,A - IPC Crime,CULPABLE HOMICIDE NOT AMOUNTING TO MUDER (Sec.304 IPC),Witch Craft (Sorcery),0.0,0.0,0.0,0.0,July
57,A - IPC Crime,CULPABLE HOMICIDE NOT AMOUNTING TO MUDER (Sec.304 IPC),For Human Sacrifice,2.0,0.0,0.0,0.0,July
58,A - IPC Crime,CULPABLE HOMICIDE NOT AMOUNTING TO MUDER (Sec.304 IPC),Terrorism /Naxalism / Extremism,0.0,0.0,0.0,0.0,July
59,A - IPC Crime,CULPABLE HOMICIDE NOT AMOUNTING TO MUDER (Sec.304 IPC),For Political Reasons,0.0,0.0,0.0,0.0,July
60,A - IPC Crime,CULPABLE HOMICIDE NOT AMOUNTING TO MUDER (Sec.304 IPC),Adultery,0.0,0.0,0.0,0.0,July
61,A - IPC Crime,CULPABLE HOMICIDE NOT AMOUNTING TO MUDER (Sec.304 IPC),Property Disputes,1.0,0.0,0.0,0.0,July
62,A - IPC Crime,CULPABLE HOMICIDE NOT AMOUNTING TO MUDER (Sec.304 IPC),Electoral Gain,0.0,0.0,0.0,0.0,July
63,A - IPC Crime,CULPABLE HOMICIDE NOT AMOUNTING TO MUDER (Sec.304 IPC),Gang Rivalry,0.0,0.0,0.0,0.0,July
64,A - IPC Crime,CULPABLE HOMICIDE NOT AMOUNTING TO MUDER (Sec.304 IPC),Love Intrigue,0.0,0.0,0.0,0.0,July
65,A - IPC Crime,CULPABLE HOMICIDE NOT AMOUNTING TO MUDER (Sec.304 IPC),Professional ,0.0,0.0,0.0,0.0,July
66,A - IPC Crime,CULPABLE HOMICIDE NOT AMOUNTING TO MUDER (Sec.304 IPC),Sudden Quarrel,10.0,0.0,0.0,1.0,July
67,A - IPC Crime,CULPABLE HOMICIDE NOT AMOUNTING TO MUDER (Sec.304 IPC),Due to Other Causes,71.0,10.0,10.0,8.0,July
68,A - IPC Crime,ATTEMPT TO CULPABLE HOMICIDE NOT AMOUNTING TO MURDER (Sec. 308 IPC),For Gain,0.0,0.0,0.0,0.0,July
69,A - IPC Crime,ATTEMPT TO CULPABLE HOMICIDE NOT AMOUNTING TO MURDER (Sec. 308 IPC),Over Civil Dispute,3.0,0.0,0.0,0.0,July
70,A - IPC Crime,ATTEMPT TO CULPABLE HOMICIDE NOT AMOUNTING TO MURDER (Sec. 308 IPC),Due to Personal Vendetta or enemity,1.0,0.0,0.0,0.0,July
71,A - IPC Crime,ATTEMPT TO CULPABLE HOMICIDE NOT AMOUNTING TO MURDER (Sec. 308 IPC),Due to Sexual jealousy,0.0,0.0,0.0,0.0,July
72,A - IPC Crime,ATTEMPT TO CULPABLE HOMICIDE NOT AMOUNTING TO MURDER (Sec. 308 IPC),For Dowry,0.0,0.0,0.0,0.0,July
73,A - IPC Crime,ATTEMPT TO CULPABLE HOMICIDE NOT AMOUNTING TO MURDER (Sec. 308 IPC),Due to Communalism,0.0,0.0,0.0,0.0,July
74,A - IPC Crime,ATTEMPT TO CULPABLE HOMICIDE NOT AMOUNTING TO MURDER (Sec. 308 IPC),Due to Casteism,0.0,0.0,0.0,0.0,July
75,A - IPC Crime,ATTEMPT TO CULPABLE HOMICIDE NOT AMOUNTING TO MURDER (Sec. 308 IPC),Witch Craft (Sorcery),0.0,0.0,0.0,0.0,July
76,A - IPC Crime,ATTEMPT TO CULPABLE HOMICIDE NOT AMOUNTING TO MURDER (Sec. 308 IPC),For Human Sacrifice,0.0,0.0,0.0,0.0,July
77,A - IPC Crime,ATTEMPT TO CULPABLE HOMICIDE NOT AMOUNTING TO MURDER (Sec. 308 IPC),Terrorism /Naxalism / Extremism,0.0,0.0,0.0,0.0,July
78,A - IPC Crime,ATTEMPT TO CULPABLE HOMICIDE NOT AMOUNTING TO MURDER (Sec. 308 IPC),For Political Reasons,1.0,0.0,0.0,0.0,July
79,A - IPC Crime,ATTEMPT TO CULPABLE HOMICIDE NOT AMOUNTING TO MURDER (Sec. 308 IPC),Due to Other Causes,33.0,2.0,2.0,1.0,July
80,A - IPC Crime,ATTEMPT TO CULPABLE HOMICIDE NOT AMOUNTING TO MURDER (Sec. 308 IPC),Adultery,0.0,0.0,0.0,0.0,July
81,A - IPC Crime,ATTEMPT TO CULPABLE HOMICIDE NOT AMOUNTING TO MURDER (Sec. 308 IPC),Property Disputes,3.0,0.0,0.0,2.0,July
82,A - IPC Crime,ATTEMPT TO CULPABLE HOMICIDE NOT AMOUNTING TO MURDER (Sec. 308 IPC),Electoral Gain,0.0,1.0,0.0,0.0,July
83,A - IPC Crime,ATTEMPT TO CULPABLE HOMICIDE NOT AMOUNTING TO MURDER (Sec. 308 IPC),Gang Rivalry,0.0,0.0,0.0,0.0,July
84,A - IPC Crime,ATTEMPT TO CULPABLE HOMICIDE NOT AMOUNTING TO MURDER (Sec. 308 IPC),Love Intrigue,0.0,0.0,0.0,0.0,July
85,A - IPC Crime,ATTEMPT TO CULPABLE HOMICIDE NOT AMOUNTING TO MURDER (Sec. 308 IPC),Professional ,1.0,0.0,0.0,0.0,July
86,A - IPC Crime,ATTEMPT TO CULPABLE HOMICIDE NOT AMOUNTING TO MURDER (Sec. 308 IPC),Sudden Quarrel,7.0,2.0,1.0,1.0,July
87,A - IPC Crime,"RAPE (Sec.376, 376(A) to 376 (D) IPC)",Custodial Rape,1.0,0.0,0.0,0.0,July
88,A - IPC Crime,"RAPE (Sec.376, 376(A) to 376 (D) IPC)",Attempt to Commit,6.0,0.0,1.0,0.0,July
89,A - IPC Crime,"RAPE (Sec.376, 376(A) to 376 (D) IPC)",By a Gang,11.0,1.0,1.0,2.0,July
90,A - IPC Crime,"RAPE (Sec.376, 376(A) to 376 (D) IPC)",By Parents,0.0,0.0,0.0,0.0,July
91,A - IPC Crime,"RAPE (Sec.376, 376(A) to 376 (D) IPC)",By Hospital Staff,1.0,0.0,0.0,0.0,July
92,A - IPC Crime,"RAPE (Sec.376, 376(A) to 376 (D) IPC)",By Husband During Sepearation,2.0,1.0,0.0,0.0,July
93,A - IPC Crime,"RAPE (Sec.376, 376(A) to 376 (D) IPC)",By Neighbours,31.0,6.0,3.0,6.0,July
94,A - IPC Crime,"RAPE (Sec.376, 376(A) to 376 (D) IPC)",By Relatives,30.0,1.0,5.0,3.0,July
95,A - IPC Crime,"RAPE (Sec.376, 376(A) to 376 (D) IPC)",In Jail Custody,0.0,0.0,0.0,0.0,July
96,A - IPC Crime,"RAPE (Sec.376, 376(A) to 376 (D) IPC)",In Remand Home,0.0,0.0,0.0,0.0,July
97,A - IPC Crime,"RAPE (Sec.376, 376(A) to 376 (D) IPC)",InCest,0.0,0.0,0.0,0.0,July
98,A - IPC Crime,"RAPE (Sec.376, 376(A) to 376 (D) IPC)",Known Person,273.0,38.0,37.0,34.0,July
99,A - IPC Crime,"RAPE (Sec.376, 376(A) to 376 (D) IPC)",Unknown Person,6.0,0.0,0.0,2.0,July
100,A - IPC Crime,"RAPE (Sec.376, 376(A) to 376 (D) IPC)",Due to Other Causes,77.0,7.0,10.0,7.0,July
101,A - IPC Crime,"RAPE (Sec.376, 376(A) to 376 (D) IPC)",On Minor,0.0,0.0,0.0,0.0,July
102,A - IPC Crime,"KIDNAPPING AND ABDUCTION (Sec.360, 361, 363 to 369 IPC)",Missing - Boy,614.0,88.0,80.0,90.0,July
103,A - IPC Crime,"KIDNAPPING AND ABDUCTION (Sec.360, 361, 363 to 369 IPC)",Missing - Girl,1746.0,198.0,179.0,254.0,July
104,A - IPC Crime,"KIDNAPPING AND ABDUCTION (Sec.360, 361, 363 to 369 IPC)",For Ransom - of Children,7.0,0.0,0.0,0.0,July
105,A - IPC Crime,"KIDNAPPING AND ABDUCTION (Sec.360, 361, 363 to 369 IPC)",For Ransom - of Cildren for Begging,0.0,0.0,0.0,0.0,July
106,A - IPC Crime,"KIDNAPPING AND ABDUCTION (Sec.360, 361, 363 to 369 IPC)",For Ransom - of Women,3.0,0.0,0.0,0.0,July
107,A - IPC Crime,"KIDNAPPING AND ABDUCTION (Sec.360, 361, 363 to 369 IPC)",For Ransom - of Girls for Immoral Purpose,0.0,0.0,0.0,0.0,July
108,A - IPC Crime,"KIDNAPPING AND ABDUCTION (Sec.360, 361, 363 to 369 IPC)",For Ransom - of  Others,53.0,8.0,6.0,7.0,July
109,A - IPC Crime,"KIDNAPPING AND ABDUCTION (Sec.360, 361, 363 to 369 IPC)",Procuration of Minor Girls - For Prostitution,0.0,0.0,0.0,0.0,July
110,A - IPC Crime,"KIDNAPPING AND ABDUCTION (Sec.360, 361, 363 to 369 IPC)",Procuration of Minor Girls - Importring of Girl,0.0,0.0,0.0,0.0,July
111,A - IPC Crime,"KIDNAPPING AND ABDUCTION (Sec.360, 361, 363 to 369 IPC)",Procuration of Minor Girls - For other Purpose,13.0,0.0,2.0,0.0,July
112,A - IPC Crime,"KIDNAPPING AND ABDUCTION (Sec.360, 361, 363 to 369 IPC)",Espionage,0.0,0.0,0.0,0.0,July
113,A - IPC Crime,"KIDNAPPING AND ABDUCTION (Sec.360, 361, 363 to 369 IPC)",Intent to Steal From Child,0.0,0.0,0.0,0.0,July
114,A - IPC Crime,"KIDNAPPING AND ABDUCTION (Sec.360, 361, 363 to 369 IPC)",Murder (Homicide),0.0,0.0,0.0,0.0,July
115,A - IPC Crime,"KIDNAPPING AND ABDUCTION (Sec.360, 361, 363 to 369 IPC)",Obtain Signature Forcibly,0.0,0.0,0.0,0.0,July
116,A - IPC Crime,"KIDNAPPING AND ABDUCTION (Sec.360, 361, 363 to 369 IPC)",Recovering Loan,3.0,1.0,0.0,1.0,July
117,A - IPC Crime,"KIDNAPPING AND ABDUCTION (Sec.360, 361, 363 to 369 IPC)",Settling any Disputes,5.0,0.0,1.0,0.0,July
118,A - IPC Crime,"KIDNAPPING AND ABDUCTION (Sec.360, 361, 363 to 369 IPC)",Unnatural Lust / Illicit Intercourse,0.0,0.0,0.0,0.0,July
119,A - IPC Crime,"KIDNAPPING AND ABDUCTION (Sec.360, 361, 363 to 369 IPC)",Wrongful Confinement,9.0,2.0,0.0,1.0,July
120,A - IPC Crime,"KIDNAPPING AND ABDUCTION (Sec.360, 361, 363 to 369 IPC)",For Exporting,0.0,0.0,0.0,0.0,July
121,A - IPC Crime,"KIDNAPPING AND ABDUCTION (Sec.360, 361, 363 to 369 IPC)",From Lawful Guardianship,4.0,0.0,1.0,2.0,July
122,A - IPC Crime,"KIDNAPPING AND ABDUCTION (Sec.360, 361, 363 to 369 IPC)",For Camel Racing Etc.,0.0,0.0,0.0,0.0,July
123,A - IPC Crime,"KIDNAPPING AND ABDUCTION (Sec.360, 361, 363 to 369 IPC)",To Compel For Marriage,4.0,1.0,0.0,0.0,July
124,A - IPC Crime,"KIDNAPPING AND ABDUCTION (Sec.360, 361, 363 to 369 IPC)",For Slavery,0.0,0.0,0.0,0.0,July
125,A - IPC Crime,"KIDNAPPING AND ABDUCTION (Sec.360, 361, 363 to 369 IPC)",For Stealing From its Person,0.0,0.0,0.0,0.0,July
126,A - IPC Crime,"KIDNAPPING AND ABDUCTION (Sec.360, 361, 363 to 369 IPC)",Others,322.0,56.0,30.0,45.0,July
127,A - IPC Crime,DACOITY (Sec. 395 to 398 IPC ),At ATM,0.0,0.0,0.0,0.0,July
128,A - IPC Crime,DACOITY (Sec. 395 to 398 IPC ),At Residential Premises,24.0,2.0,1.0,3.0,July
129,A - IPC Crime,DACOITY (Sec. 395 to 398 IPC ),On Highways,20.0,7.0,5.0,4.0,July
130,A - IPC Crime,DACOITY (Sec. 395 to 398 IPC ),In Trains,0.0,0.0,0.0,0.0,July
131,A - IPC Crime,DACOITY (Sec. 395 to 398 IPC ),At Banks,0.0,0.0,0.0,0.0,July
132,A - IPC Crime,DACOITY (Sec. 395 to 398 IPC ),At Commercial Places / Establishments,12.0,0.0,3.0,0.0,July
133,A - IPC Crime,DACOITY (Sec. 395 to 398 IPC ),On Other Roads,24.0,6.0,5.0,3.0,July
134,A - IPC Crime,DACOITY (Sec. 395 to 398 IPC ),In Other Places,34.0,5.0,5.0,4.0,July
135,A - IPC Crime,DACOITY (Sec. 395 to 398 IPC ),River & Sea,1.0,0.0,0.0,0.0,July
136,A - IPC Crime,DACOITY (Sec. 395 to 398 IPC ),Preparation And Assembly for Dacoity,93.0,13.0,11.0,12.0,July
137,A - IPC Crime,Robbery (Sec.392 to 394 IPC),At ATM,0.0,0.0,0.0,0.0,July
138,A - IPC Crime,Robbery (Sec.392 to 394 IPC),At Residential Premises,111.0,21.0,20.0,5.0,July
139,A - IPC Crime,Robbery (Sec.392 to 394 IPC),On Highways,72.0,8.0,7.0,9.0,July
140,A - IPC Crime,Robbery (Sec.392 to 394 IPC),In Trains,6.0,2.0,1.0,0.0,July
141,A - IPC Crime,Robbery (Sec.392 to 394 IPC),At Banks,0.0,1.0,0.0,0.0,July
142,A - IPC Crime,Robbery (Sec.392 to 394 IPC),At Commercial Places / Establishments,49.0,19.0,3.0,5.0,July
143,A - IPC Crime,Robbery (Sec.392 to 394 IPC),In Other Places,519.0,91.0,36.0,42.0,July
144,A - IPC Crime,Robbery (Sec.392 to 394 IPC),Chain Snatching,460.0,44.0,49.0,54.0,July
145,A - IPC Crime,Robbery (Sec.392 to 394 IPC),Attempt to Commit,37.0,5.0,5.0,6.0,July
146,A - IPC Crime,"BURGLARY - NIGHT (Sec. 380 IPC R/W 453 TO 460, 462 IPC)",At Residential Premises,1802.0,259.0,231.0,198.0,July
147,A - IPC Crime,"BURGLARY - NIGHT (Sec. 380 IPC R/W 453 TO 460, 462 IPC)",On Highways,2.0,1.0,1.0,0.0,July
148,A - IPC Crime,"BURGLARY - NIGHT (Sec. 380 IPC R/W 453 TO 460, 462 IPC)",In Trains,0.0,0.0,0.0,0.0,July
149,A - IPC Crime,"BURGLARY - NIGHT (Sec. 380 IPC R/W 453 TO 460, 462 IPC)",At Banks,24.0,7.0,2.0,2.0,July
150,A - IPC Crime,"BURGLARY - NIGHT (Sec. 380 IPC R/W 453 TO 460, 462 IPC)",At Commercial Places / Establishments,537.0,114.0,96.0,50.0,July
151,A - IPC Crime,"BURGLARY - NIGHT (Sec. 380 IPC R/W 453 TO 460, 462 IPC)",In Other Places,370.0,87.0,56.0,38.0,July
152,A - IPC Crime,"BURGLARY - NIGHT (Sec. 380 IPC R/W 453 TO 460, 462 IPC)",Temple Theft,240.0,44.0,45.0,32.0,July
153,A - IPC Crime,"BURGLARY - DAY (Sec. 380 IPC R/W 453 TO 460, 462 IPC)",At Residential Premises,656.0,113.0,73.0,99.0,July
154,A - IPC Crime,"BURGLARY - DAY (Sec. 380 IPC R/W 453 TO 460, 462 IPC)",On Highways,0.0,0.0,0.0,0.0,July
155,A - IPC Crime,"BURGLARY - DAY (Sec. 380 IPC R/W 453 TO 460, 462 IPC)",In Trains,1.0,0.0,0.0,0.0,July
156,A - IPC Crime,"BURGLARY - DAY (Sec. 380 IPC R/W 453 TO 460, 462 IPC)",At Banks,2.0,0.0,0.0,0.0,July
157,A - IPC Crime,"BURGLARY - DAY (Sec. 380 IPC R/W 453 TO 460, 462 IPC)",At Commercial Places / Establishments,27.0,2.0,1.0,2.0,July
158,A - IPC Crime,"BURGLARY - DAY (Sec. 380 IPC R/W 453 TO 460, 462 IPC)",In Other Places,51.0,16.0,2.0,8.0,July
159,A - IPC Crime,"BURGLARY - DAY (Sec. 380 IPC R/W 453 TO 460, 462 IPC)",Temple Theft,12.0,4.0,0.0,0.0,July
160,A - IPC Crime,THEFT (Sec.379 to 389 IPC),Of Sand,916.0,139.0,93.0,69.0,July
161,A - IPC Crime,THEFT (Sec.379 to 389 IPC),Attempt to commit,35.0,6.0,4.0,5.0,July
162,A - IPC Crime,THEFT (Sec.379 to 389 IPC),Of Automobiles - Of Tractors,8.0,2.0,4.0,1.0,July
163,A - IPC Crime,THEFT (Sec.379 to 389 IPC),At ATM,54.0,14.0,4.0,6.0,July
164,A - IPC Crime,THEFT (Sec.379 to 389 IPC),Communication And Elec. Wire,168.0,33.0,28.0,19.0,July
165,A - IPC Crime,THEFT (Sec.379 to 389 IPC),Of Cattle,347.0,64.0,45.0,56.0,July
166,A - IPC Crime,THEFT (Sec.379 to 389 IPC),Of Cycle,76.0,20.0,4.0,6.0,July
167,A - IPC Crime,THEFT (Sec.379 to 389 IPC),Of Automobiles - Of Lorries/Trucks,65.0,17.0,10.0,10.0,July
168,A - IPC Crime,THEFT (Sec.379 to 389 IPC),Of Automobiles - Of Buses,8.0,0.0,2.0,1.0,July
169,A - IPC Crime,THEFT (Sec.379 to 389 IPC),Of Automobiles - Of Cars / Jeeps,167.0,34.0,23.0,23.0,July
170,A - IPC Crime,THEFT (Sec.379 to 389 IPC),Of Automobiles - Of Two Wheelers ,7688.0,1394.0,991.0,874.0,July
171,A - IPC Crime,THEFT (Sec.379 to 389 IPC),Of Automobies - of Three Wheelers,203.0,47.0,36.0,28.0,July
172,A - IPC Crime,THEFT (Sec.379 to 389 IPC),Of Accessories of Motor Vehicle,224.0,27.0,33.0,25.0,July
173,A - IPC Crime,THEFT (Sec.379 to 389 IPC),Govt. Vehicle,3.0,0.0,1.0,0.0,July
174,A - IPC Crime,THEFT (Sec.379 to 389 IPC),"Electronic Goods (Radio, TV, VCR, Acs, Office Automation Equipments)",948.0,244.0,122.0,108.0,July
175,A - IPC Crime,THEFT (Sec.379 to 389 IPC),Of Fire Arms,4.0,0.0,0.0,2.0,July
176,A - IPC Crime,THEFT (Sec.379 to 389 IPC),Of Explosives,0.0,1.0,0.0,0.0,July
177,A - IPC Crime,THEFT (Sec.379 to 389 IPC),Of Cultural - Idols,4.0,1.0,0.0,0.0,July
178,A - IPC Crime,THEFT (Sec.379 to 389 IPC),Of Cultural - Painting,1.0,1.0,0.0,0.0,July
179,A - IPC Crime,THEFT (Sec.379 to 389 IPC),Of Cultrual - Others,167.0,40.0,16.0,18.0,July
180,A - IPC Crime,THEFT (Sec.379 to 389 IPC),Cash,396.0,82.0,57.0,45.0,July
181,A - IPC Crime,THEFT (Sec.379 to 389 IPC),Jewellery,1087.0,140.0,102.0,105.0,July
182,A - IPC Crime,THEFT (Sec.379 to 389 IPC),Other Items Not Included Above,1262.0,266.0,133.0,147.0,July
183,A - IPC Crime,THEFT (Sec.379 to 389 IPC),In Running Train,26.0,2.0,5.0,4.0,July
184,A - IPC Crime,THEFT (Sec.379 to 389 IPC),Extortion,178.0,20.0,24.0,18.0,July
185,A - IPC Crime,THEFT (Sec.379 to 389 IPC),House Theft,1291.0,216.0,166.0,147.0,July
186,A - IPC Crime,THEFT (Sec.379 to 389 IPC),Servant Theft,338.0,52.0,48.0,34.0,July
187,A - IPC Crime,RIOTS (Sec.141 to 153 IPC),Land Dispute,725.0,83.0,80.0,74.0,July
188,A - IPC Crime,RIOTS (Sec.141 to 153 IPC),Employee - Govt.,0.0,0.0,0.0,0.0,July
189,A - IPC Crime,RIOTS (Sec.141 to 153 IPC),Labour - Private Sector,2.0,0.0,0.0,0.0,July
190,A - IPC Crime,RIOTS (Sec.141 to 153 IPC),Labour - Public Sector,1.0,0.0,0.0,0.0,July
191,A - IPC Crime,RIOTS (Sec.141 to 153 IPC),Linguistic,2.0,0.0,0.0,0.0,July
192,A - IPC Crime,RIOTS (Sec.141 to 153 IPC),Political ,12.0,3.0,0.0,1.0,July
193,A - IPC Crime,RIOTS (Sec.141 to 153 IPC),Regional,5.0,0.0,0.0,1.0,July
194,A - IPC Crime,RIOTS (Sec.141 to 153 IPC),Sectarian,0.0,0.0,0.0,0.0,July
195,A - IPC Crime,RIOTS (Sec.141 to 153 IPC),Students,5.0,0.0,0.0,0.0,July
196,A - IPC Crime,RIOTS (Sec.141 to 153 IPC),Tribal,0.0,0.0,0.0,0.0,July
197,A - IPC Crime,RIOTS (Sec.141 to 153 IPC),Due to Village Disputes,19.0,1.0,0.0,2.0,July
198,A - IPC Crime,RIOTS (Sec.141 to 153 IPC),Communal,2.0,0.0,0.0,0.0,July
199,A - IPC Crime,RIOTS (Sec.141 to 153 IPC),Industrial,3.0,1.0,0.0,0.0,July
200,A - IPC Crime,RIOTS (Sec.141 to 153 IPC),Caste,5.0,1.0,0.0,0.0,July
201,A - IPC Crime,RIOTS (Sec.141 to 153 IPC),Agrarian,1.0,0.0,0.0,0.0,July
202,A - IPC Crime,RIOTS (Sec.141 to 153 IPC),Others,1700.0,244.0,151.0,152.0,July
203,A - IPC Crime,"OFFENCES AGAINST STATE (Sec. 121 to 130, except 124(A) IPC)",,0.0,0.0,0.0,0.0,July
204,A - IPC Crime,"OFFENCES PROMOTING ENEMITY (Sec. 153(A), 154(B) & 505 IPC",,66.0,18.0,6.0,2.0,July
205,A - IPC Crime,CRIMINAL BREACH OF TRUST,,384.0,37.0,50.0,59.0,July
206,A - IPC Crime,CHEATING (Sec.417 to 420 IPC),,4568.0,740.0,615.0,520.0,July
207,A - IPC Crime,"COUNTERFEITING (Sec. 231 to 263 (A), 489(A) to 489 (E) IPC )","Stock Share, Debentrue Certificate",0.0,0.0,0.0,0.0,July
208,A - IPC Crime,"COUNTERFEITING (Sec. 231 to 263 (A), 489(A) to 489 (E) IPC )",Usage of Counterfeit Stamp,0.0,0.0,0.0,0.0,July
209,A - IPC Crime,"COUNTERFEITING (Sec. 231 to 263 (A), 489(A) to 489 (E) IPC )",Of Coins (Sec 231 to 254 IPC),0.0,0.0,0.0,0.0,July
210,A - IPC Crime,"COUNTERFEITING (Sec. 231 to 263 (A), 489(A) to 489 (E) IPC )",Of Stamps (Sec.255 to 263(A) IPC),0.0,0.0,0.0,0.0,July
211,A - IPC Crime,"COUNTERFEITING (Sec. 231 to 263 (A), 489(A) to 489 (E) IPC )",Of Currency Notes And Bank Notes (Sec. 489 (A) to 489 (E) IPC),25.0,1.0,1.0,4.0,July
212,A - IPC Crime,"COUNTERFEITING (Sec. 231 to 263 (A), 489(A) to 489 (E) IPC )",Of Others,1.0,0.0,0.0,0.0,July
213,A - IPC Crime,"FORGERY (Sec. 465, 468, 471, 473, 476, 477 & 477(A) IPC",Forgery  ,250.0,33.0,41.0,22.0,July
214,A - IPC Crime,"FORGERY (Sec. 465, 468, 471, 473, 476, 477 & 477(A) IPC",Organised (Racket),1.0,0.0,0.0,0.0,July
215,A - IPC Crime,"FORGERY (Sec. 465, 468, 471, 473, 476, 477 & 477(A) IPC",Forgery of Passport,0.0,0.0,0.0,0.0,July
216,A - IPC Crime,"FORGERY (Sec. 465, 468, 471, 473, 476, 477 & 477(A) IPC",Other Forgery,90.0,18.0,8.0,8.0,July
217,A - IPC Crime,"CASES OF HURT (Sec. 323 to 335 IPC except 328, 332, 333)",Acid Attack (326(a)),6.0,0.0,0.0,0.0,July
218,A - IPC Crime,"CASES OF HURT (Sec. 323 to 335 IPC except 328, 332, 333)",Attempt to Acid Attack (326(b)),1.0,0.0,0.0,0.0,July
219,A - IPC Crime,"CASES OF HURT (Sec. 323 to 335 IPC except 328, 332, 333)",Grievous Hurt,849.0,129.0,92.0,74.0,July
220,A - IPC Crime,"CASES OF HURT (Sec. 323 to 335 IPC except 328, 332, 333)",Simple Hurt,10981.0,1501.0,1074.0,1172.0,July
221,A - IPC Crime,"CASES OF HURT (Sec. 323 to 335 IPC except 328, 332, 333)",Custodial,1.0,0.0,0.0,0.0,July
222,A - IPC Crime,"ADULTERATION (Sec. 272, 273 to 276 IPC)",Attempt to Commit,0.0,0.0,0.0,0.0,July
223,A - IPC Crime,"ADULTERATION (Sec. 272, 273 to 276 IPC)",Alcoholic Drink (Liquor),4.0,0.0,1.0,1.0,July
224,A - IPC Crime,"ADULTERATION (Sec. 272, 273 to 276 IPC)",Cement & Chemical/Fertiliser,0.0,0.0,0.0,0.0,July
225,A - IPC Crime,"ADULTERATION (Sec. 272, 273 to 276 IPC)",Cosmetics,0.0,0.0,0.0,0.0,July
226,A - IPC Crime,"ADULTERATION (Sec. 272, 273 to 276 IPC)",Diesel,0.0,0.0,0.0,0.0,July
227,A - IPC Crime,"ADULTERATION (Sec. 272, 273 to 276 IPC)",Drug/Medicine,0.0,0.0,0.0,0.0,July
228,A - IPC Crime,"ADULTERATION (Sec. 272, 273 to 276 IPC)",Edible Oil,0.0,1.0,0.0,0.0,July
229,A - IPC Crime,"ADULTERATION (Sec. 272, 273 to 276 IPC)",Food Grain,0.0,0.0,0.0,0.0,July
230,A - IPC Crime,"ADULTERATION (Sec. 272, 273 to 276 IPC)",Kerosene,0.0,0.0,0.0,0.0,July
231,A - IPC Crime,"ADULTERATION (Sec. 272, 273 to 276 IPC)",Life Saving Drug,0.0,0.0,0.0,0.0,July
232,A - IPC Crime,"ADULTERATION (Sec. 272, 273 to 276 IPC)",Mobile Oil,0.0,0.0,0.0,0.0,July
233,A - IPC Crime,"ADULTERATION (Sec. 272, 273 to 276 IPC)",Petrol,0.0,0.0,0.0,0.0,July
234,A - IPC Crime,"ADULTERATION (Sec. 272, 273 to 276 IPC)",Petroleum Product,0.0,0.0,0.0,0.0,July
235,A - IPC Crime,"ADULTERATION (Sec. 272, 273 to 276 IPC)",Soft Drinks,0.0,0.0,0.0,0.0,July
236,A - IPC Crime,"ADULTERATION (Sec. 272, 273 to 276 IPC)",Spices,1.0,0.0,0.0,0.0,July
237,A - IPC Crime,"ADULTERATION (Sec. 272, 273 to 276 IPC)",Others,4.0,3.0,2.0,0.0,July
238,A - IPC Crime,AFFRAY (Sec. 160 IPC ),,346.0,80.0,38.0,45.0,July
239,A - IPC Crime,"ARSON (Sec. 435, 436, 438 IPC )",Agricultural Produce,51.0,2.0,1.0,2.0,July
240,A - IPC Crime,"ARSON (Sec. 435, 436, 438 IPC )",Attemp to Commit,0.0,0.0,0.0,0.0,July
241,A - IPC Crime,"ARSON (Sec. 435, 436, 438 IPC )",Boat / Ship,0.0,0.0,0.0,0.0,July
242,A - IPC Crime,"ARSON (Sec. 435, 436, 438 IPC )",Dwelling House,12.0,1.0,2.0,2.0,July
243,A - IPC Crime,"ARSON (Sec. 435, 436, 438 IPC )",Educational Institution,1.0,0.0,0.0,0.0,July
244,A - IPC Crime,"ARSON (Sec. 435, 436, 438 IPC )",Govt. Property,7.0,0.0,1.0,0.0,July
245,A - IPC Crime,"ARSON (Sec. 435, 436, 438 IPC )",Industrial Establishment,1.0,0.0,1.0,0.0,July
246,A - IPC Crime,"ARSON (Sec. 435, 436, 438 IPC )",Place of worship,0.0,0.0,0.0,0.0,July
247,A - IPC Crime,"ARSON (Sec. 435, 436, 438 IPC )",Public Place,7.0,2.0,1.0,0.0,July
248,A - IPC Crime,"ARSON (Sec. 435, 436, 438 IPC )",Railway Property,0.0,0.0,0.0,0.0,July
249,A - IPC Crime,"ARSON (Sec. 435, 436, 438 IPC )",Vital Installation,0.0,0.0,0.0,0.0,July
250,A - IPC Crime,"ARSON (Sec. 435, 436, 438 IPC )",Warehouse (Godown),2.0,0.0,0.0,0.0,July
251,A - IPC Crime,"ARSON (Sec. 435, 436, 438 IPC )",Others,90.0,14.0,5.0,6.0,July
252,A - IPC Crime,"ASSAULT (Sec 356, 357 IPC)",Attempt To Commit,3.0,0.0,0.0,0.0,July
253,A - IPC Crime,"ASSAULT (Sec 356, 357 IPC)",On Contractor,1.0,0.0,0.0,0.0,July
254,A - IPC Crime,"ASSAULT (Sec 356, 357 IPC)",On Domestic Servant,0.0,0.0,0.0,0.0,July
255,A - IPC Crime,"ASSAULT (Sec 356, 357 IPC)",On Labourer,1.0,0.0,0.0,0.0,July
256,A - IPC Crime,"ASSAULT (Sec 356, 357 IPC)",On Man (General),11.0,2.0,0.0,1.0,July
257,A - IPC Crime,"ASSAULT (Sec 356, 357 IPC)",On Man (SC),1.0,0.0,0.0,0.0,July
258,A - IPC Crime,"ASSAULT (Sec 356, 357 IPC)",On Man (ST),0.0,0.0,0.0,0.0,July
259,A - IPC Crime,"ASSAULT (Sec 356, 357 IPC)",On Manager/Executive (Other Than Public Servant),0.0,0.0,0.0,0.0,July
260,A - IPC Crime,"ASSAULT (Sec 356, 357 IPC)","On Member of Clergy (Christian, Budhist, Jain, Sikh)",0.0,0.0,0.0,0.0,July
261,A - IPC Crime,"ASSAULT (Sec 356, 357 IPC)",Member of Legislative Assembly / Council (MLA/MLC),0.0,0.0,0.0,0.0,July
262,A - IPC Crime,"ASSAULT (Sec 356, 357 IPC)",On Member of Parliament (MP),0.0,0.0,0.0,0.0,July
263,A - IPC Crime,"ASSAULT (Sec 356, 357 IPC)",On other Dignitaries /Public Figures,2.0,0.0,0.0,0.0,July
264,A - IPC Crime,"ASSAULT (Sec 356, 357 IPC)",On Press,1.0,0.0,0.0,0.0,July
265,A - IPC Crime,"ASSAULT (Sec 356, 357 IPC)",On Professional ,1.0,1.0,0.0,0.0,July
266,A - IPC Crime,"ASSAULT (Sec 356, 357 IPC)",On Public Servant,1.0,0.0,0.0,0.0,July
267,A - IPC Crime,"ASSAULT (Sec 356, 357 IPC)",On Student,0.0,0.0,0.0,0.0,July
268,A - IPC Crime,"ASSAULT (Sec 356, 357 IPC)",On Teacher,0.0,0.0,0.0,0.0,July
269,A - IPC Crime,"ASSAULT (Sec 356, 357 IPC)",On Women (General),4.0,0.0,1.0,1.0,July
270,A - IPC Crime,"ASSAULT (Sec 356, 357 IPC)",On Woman (SC),0.0,0.0,0.0,0.0,July
271,A - IPC Crime,"ASSAULT (Sec 356, 357 IPC)",On Woman (ST),0.0,0.0,0.0,0.0,July
272,A - IPC Crime,COMMUNAL / RELIGION (Sec. 295 to 297 IPC),Attempt to Commit,1.0,0.0,0.0,0.0,July
273,A - IPC Crime,COMMUNAL / RELIGION (Sec. 295 to 297 IPC),Caste Issue,12.0,1.0,2.0,1.0,July
274,A - IPC Crime,COMMUNAL / RELIGION (Sec. 295 to 297 IPC),Communal Issue,55.0,3.0,2.0,4.0,July
275,A - IPC Crime,COMMUNAL / RELIGION (Sec. 295 to 297 IPC),Linguistic Issue,0.0,0.0,0.0,0.0,July
276,A - IPC Crime,COMMUNAL / RELIGION (Sec. 295 to 297 IPC),Political Issue,13.0,0.0,0.0,0.0,July
277,A - IPC Crime,COMMUNAL / RELIGION (Sec. 295 to 297 IPC),Racial/Ethnic Issue,0.0,0.0,0.0,0.0,July
278,A - IPC Crime,COMMUNAL / RELIGION (Sec. 295 to 297 IPC),Regional Issue,16.0,1.0,0.0,1.0,July
279,A - IPC Crime,COMMUNAL / RELIGION (Sec. 295 to 297 IPC),Religious Issue,77.0,7.0,10.0,8.0,July
280,A - IPC Crime,COMMUNAL / RELIGION (Sec. 295 to 297 IPC),Sectarian Issue,0.0,0.0,0.0,0.0,July
281,A - IPC Crime,COMMUNAL / RELIGION (Sec. 295 to 297 IPC),Others,55.0,6.0,2.0,2.0,July
282,A - IPC Crime,"CRIMINAL CONSPIRACY (Sec. 120(B), 121(A) IPC)",Conspiracy To Wage War,0.0,0.0,0.0,0.0,July
283,A - IPC Crime,"CRIMINAL CONSPIRACY (Sec. 120(B), 121(A) IPC)",Related to Substantive Offence,3.0,0.0,0.0,0.0,July
284,A - IPC Crime,"CRIMINAL CONSPIRACY (Sec. 120(B), 121(A) IPC)",Others,16.0,2.0,0.0,1.0,July
285,A - IPC Crime,CRIMINAL INTIMIDATION (Sec. 504 to 508 IPC),,1724.0,248.0,227.0,246.0,July
286,A - IPC Crime,"CRIMINAL MISAPPROPRIATION (Sec. 403, 404 IPC)",Attempt to Commit,0.0,0.0,0.0,0.0,July
287,A - IPC Crime,"CRIMINAL MISAPPROPRIATION (Sec. 403, 404 IPC)",Bank,4.0,0.0,0.0,0.0,July
288,A - IPC Crime,"CRIMINAL MISAPPROPRIATION (Sec. 403, 404 IPC)",Business Establishment,0.0,0.0,0.0,0.0,July
289,A - IPC Crime,"CRIMINAL MISAPPROPRIATION (Sec. 403, 404 IPC)",Charitable Organisation,0.0,0.0,0.0,0.0,July
290,A - IPC Crime,"CRIMINAL MISAPPROPRIATION (Sec. 403, 404 IPC)",Chitfund Organisation,0.0,0.0,0.0,0.0,July
291,A - IPC Crime,"CRIMINAL MISAPPROPRIATION (Sec. 403, 404 IPC)",Co-operative Organisation,0.0,0.0,0.0,0.0,July
292,A - IPC Crime,"CRIMINAL MISAPPROPRIATION (Sec. 403, 404 IPC)",Commercial Establishment/Shop,0.0,0.0,0.0,0.0,July
293,A - IPC Crime,"CRIMINAL MISAPPROPRIATION (Sec. 403, 404 IPC)",Customs Department,0.0,0.0,0.0,0.0,July
294,A - IPC Crime,"CRIMINAL MISAPPROPRIATION (Sec. 403, 404 IPC)",Excise Department,0.0,0.0,0.0,0.0,July
295,A - IPC Crime,"CRIMINAL MISAPPROPRIATION (Sec. 403, 404 IPC)",Financial Institution,1.0,0.0,0.0,0.0,July
296,A - IPC Crime,"CRIMINAL MISAPPROPRIATION (Sec. 403, 404 IPC)",Income Tax Department,0.0,0.0,0.0,0.0,July
297,A - IPC Crime,"CRIMINAL MISAPPROPRIATION (Sec. 403, 404 IPC)",Other Government Organisation,0.0,1.0,0.0,0.0,July
298,A - IPC Crime,"CRIMINAL MISAPPROPRIATION (Sec. 403, 404 IPC)",Postal Department,0.0,0.0,0.0,0.0,July
299,A - IPC Crime,"CRIMINAL MISAPPROPRIATION (Sec. 403, 404 IPC)",Public Sector Undertakings,0.0,0.0,0.0,0.0,July
300,A - IPC Crime,"CRIMINAL MISAPPROPRIATION (Sec. 403, 404 IPC)",Railway Department,0.0,0.0,0.0,0.0,July
301,A - IPC Crime,"CRIMINAL MISAPPROPRIATION (Sec. 403, 404 IPC)",Revenue Department,0.0,0.0,0.0,0.0,July
302,A - IPC Crime,"CRIMINAL MISAPPROPRIATION (Sec. 403, 404 IPC)",Sales Tax Department,0.0,0.0,0.0,0.0,July
303,A - IPC Crime,"CRIMINAL MISAPPROPRIATION (Sec. 403, 404 IPC)",Social Organisation (Aided) (N),0.0,0.0,0.0,0.0,July
304,A - IPC Crime,"CRIMINAL MISAPPROPRIATION (Sec. 403, 404 IPC)",Transport Authority,0.0,0.0,0.0,0.0,July
305,A - IPC Crime,"CRIMINAL MISAPPROPRIATION (Sec. 403, 404 IPC)",Trust - Other than religious,0.0,0.0,0.0,0.0,July
306,A - IPC Crime,"CRIMINAL MISAPPROPRIATION (Sec. 403, 404 IPC)",Trust - Religious,0.0,0.0,0.0,0.0,July
307,A - IPC Crime,"CRIMINAL MISAPPROPRIATION (Sec. 403, 404 IPC)",Others,4.0,1.0,1.0,0.0,July
308,A - IPC Crime,CRIMINAL TRESPASS (Sec.447 to 452 IPC),Attempt to Commit,10.0,1.0,0.0,1.0,July
309,A - IPC Crime,CRIMINAL TRESPASS (Sec.447 to 452 IPC),Club,0.0,0.0,0.0,0.0,July
310,A - IPC Crime,CRIMINAL TRESPASS (Sec.447 to 452 IPC),Hostel,7.0,0.0,1.0,1.0,July
311,A - IPC Crime,CRIMINAL TRESPASS (Sec.447 to 452 IPC),Hotel,13.0,2.0,1.0,5.0,July
312,A - IPC Crime,CRIMINAL TRESPASS (Sec.447 to 452 IPC),House,448.0,68.0,54.0,57.0,July
313,A - IPC Crime,CRIMINAL TRESPASS (Sec.447 to 452 IPC),Land,1048.0,153.0,145.0,126.0,July
314,A - IPC Crime,CRIMINAL TRESPASS (Sec.447 to 452 IPC),Office,38.0,10.0,4.0,5.0,July
315,A - IPC Crime,CRIMINAL TRESPASS (Sec.447 to 452 IPC),Prohibited Places,14.0,2.0,1.0,2.0,July
316,A - IPC Crime,CRIMINAL TRESPASS (Sec.447 to 452 IPC),Religious Place,8.0,1.0,1.0,0.0,July
317,A - IPC Crime,CRIMINAL TRESPASS (Sec.447 to 452 IPC),Restricted Area,11.0,2.0,0.0,2.0,July
318,A - IPC Crime,CRIMINAL TRESPASS (Sec.447 to 452 IPC),Others,154.0,23.0,15.0,19.0,July
319,A - IPC Crime,CRUELTY BY HUSBAND (Sec. 498(A) IPC),Husband ,771.0,124.0,77.0,77.0,July
320,A - IPC Crime,CRUELTY BY HUSBAND (Sec. 498(A) IPC),Husband And Relative(S) in Law,982.0,132.0,116.0,128.0,July
321,A - IPC Crime,CRUELTY BY HUSBAND (Sec. 498(A) IPC),Relative(S) in Law,18.0,1.0,1.0,1.0,July
322,A - IPC Crime,CRUELTY BY HUSBAND (Sec. 498(A) IPC),Dowry Harassment,338.0,47.0,29.0,40.0,July
323,A - IPC Crime,DOWRY DEATHS (Sec.304(B) IPC),By Husband  ,2.0,1.0,1.0,0.0,July
324,A - IPC Crime,DOWRY DEATHS (Sec.304(B) IPC),By Husband And Relatives In Law,30.0,4.0,5.0,5.0,July
325,A - IPC Crime,DOWRY DEATHS (Sec.304(B) IPC),By Relatives in Law,0.0,0.0,0.0,0.0,July
326,A - IPC Crime,DOWRY DEATHS (Sec.304(B) IPC),By Burning,0.0,1.0,0.0,0.0,July
327,A - IPC Crime,DOWRY DEATHS (Sec.304(B) IPC),By Hanging,40.0,7.0,2.0,5.0,July
328,A - IPC Crime,DOWRY DEATHS (Sec.304(B) IPC),By Other Means,3.0,0.0,0.0,0.0,July
329,A - IPC Crime,DEATHS DUE TO RASHNESS/NEGLIGENCE (Sec.304(A) IPC),Electrocution,11.0,1.0,1.0,0.0,July
330,A - IPC Crime,DEATHS DUE TO RASHNESS/NEGLIGENCE (Sec.304(A) IPC),Adulterated Food/Drug,0.0,0.0,0.0,0.0,July
331,A - IPC Crime,DEATHS DUE TO RASHNESS/NEGLIGENCE (Sec.304(A) IPC),Accident by Air,0.0,0.0,0.0,0.0,July
332,A - IPC Crime,DEATHS DUE TO RASHNESS/NEGLIGENCE (Sec.304(A) IPC),Boad Accident,0.0,0.0,0.0,0.0,July
333,A - IPC Crime,DEATHS DUE TO RASHNESS/NEGLIGENCE (Sec.304(A) IPC),Bridge/Dam Collapse,0.0,0.0,0.0,0.0,July
334,A - IPC Crime,DEATHS DUE TO RASHNESS/NEGLIGENCE (Sec.304(A) IPC),Building Collapse,6.0,1.0,0.0,0.0,July
335,A - IPC Crime,DEATHS DUE TO RASHNESS/NEGLIGENCE (Sec.304(A) IPC),Caused By Animal,1.0,0.0,0.0,0.0,July
336,A - IPC Crime,DEATHS DUE TO RASHNESS/NEGLIGENCE (Sec.304(A) IPC),Death Due to Other Cause,64.0,6.0,8.0,8.0,July
337,A - IPC Crime,DEATHS DUE TO RASHNESS/NEGLIGENCE (Sec.304(A) IPC),Electrocution Accident,39.0,4.0,8.0,4.0,July
338,A - IPC Crime,DEATHS DUE TO RASHNESS/NEGLIGENCE (Sec.304(A) IPC),Explosion Accident,1.0,0.0,0.0,0.0,July
339,A - IPC Crime,DEATHS DUE TO RASHNESS/NEGLIGENCE (Sec.304(A) IPC),Fire accident,2.0,0.0,0.0,0.0,July
340,A - IPC Crime,DEATHS DUE TO RASHNESS/NEGLIGENCE (Sec.304(A) IPC),Gas Leakage Accident,2.0,1.0,0.0,0.0,July
341,A - IPC Crime,DEATHS DUE TO RASHNESS/NEGLIGENCE (Sec.304(A) IPC),Improper Infrastucture In Construction,51.0,10.0,9.0,5.0,July
342,A - IPC Crime,DEATHS DUE TO RASHNESS/NEGLIGENCE (Sec.304(A) IPC),Improper Medical Treatment,4.0,0.0,0.0,1.0,July
343,A - IPC Crime,DEATHS DUE TO RASHNESS/NEGLIGENCE (Sec.304(A) IPC),In Custody of Public Servant,0.0,0.0,0.0,0.0,July
344,A - IPC Crime,DEATHS DUE TO RASHNESS/NEGLIGENCE (Sec.304(A) IPC),In Jail/Judicial Custody,1.0,0.0,0.0,0.0,July
345,A - IPC Crime,DEATHS DUE TO RASHNESS/NEGLIGENCE (Sec.304(A) IPC),In Police Custody,0.0,0.0,0.0,0.0,July
346,A - IPC Crime,DEATHS DUE TO RASHNESS/NEGLIGENCE (Sec.304(A) IPC),Industrial Accident (Factory),5.0,1.0,1.0,0.0,July
347,A - IPC Crime,DEATHS DUE TO RASHNESS/NEGLIGENCE (Sec.304(A) IPC),Inflammable Substance,0.0,0.0,0.0,0.0,July
348,A - IPC Crime,DEATHS DUE TO RASHNESS/NEGLIGENCE (Sec.304(A) IPC),Mine Accident,0.0,0.0,0.0,0.0,July
349,A - IPC Crime,DEATHS DUE TO RASHNESS/NEGLIGENCE (Sec.304(A) IPC),Poisonous Substance,1.0,0.0,1.0,0.0,July
350,A - IPC Crime,DEATHS DUE TO RASHNESS/NEGLIGENCE (Sec.304(A) IPC),Quarry Accident,0.0,0.0,0.0,0.0,July
351,A - IPC Crime,DEATHS DUE TO RASHNESS/NEGLIGENCE (Sec.304(A) IPC),Spurious Liquor (Hooch) Accident,0.0,0.0,0.0,0.0,July
352,A - IPC Crime,DEATHS DUE TO RASHNESS/NEGLIGENCE (Sec.304(A) IPC),Railway Accident,0.0,0.0,0.0,0.0,July
353,A - IPC Crime,MOTOR VEHICLE ACCIDENTS FATAL (Sec.304(A) IPC),National Highways,2545.0,300.0,281.0,252.0,July
354,A - IPC Crime,MOTOR VEHICLE ACCIDENTS FATAL (Sec.304(A) IPC),State Highways,2098.0,234.0,208.0,202.0,July
355,A - IPC Crime,MOTOR VEHICLE ACCIDENTS FATAL (Sec.304(A) IPC),Other Roads,2825.0,324.0,291.0,291.0,July
356,A - IPC Crime,MOTOR VEHICLE ACCIDENTS FATAL (Sec.304(A) IPC),Other Places,132.0,10.0,11.0,17.0,July
357,A - IPC Crime,"MOTOR VEHICLE ACCIDENTS NON-FATAL (Sec.279, 337, 338 IPC)",National Highways,6920.0,836.0,756.0,889.0,July
358,A - IPC Crime,"MOTOR VEHICLE ACCIDENTS NON-FATAL (Sec.279, 337, 338 IPC)",State Highways,4853.0,592.0,513.0,568.0,July
359,A - IPC Crime,"MOTOR VEHICLE ACCIDENTS NON-FATAL (Sec.279, 337, 338 IPC)",Other Roads,9229.0,1187.0,1033.0,1117.0,July
360,A - IPC Crime,"MOTOR VEHICLE ACCIDENTS NON-FATAL (Sec.279, 337, 338 IPC)",Other Places,271.0,40.0,22.0,46.0,July
361,A - IPC Crime,"DEATHS-MISCARRIAGE (Sec.312, 313, 314 IPC)",Child,17.0,1.0,1.0,1.0,July
362,A - IPC Crime,"DEATHS-MISCARRIAGE (Sec.312, 313, 314 IPC)",Woman,3.0,0.0,1.0,1.0,July
363,A - IPC Crime,"DEATHS-MISCARRIAGE (Sec.312, 313, 314 IPC)",Women and Child,2.0,0.0,0.0,0.0,July
364,A - IPC Crime,"DEFENCE FORCES OFFENCES RELATING (also relating to desertion) (Sec.131 to 140, except 136 IPC)",Air Force,1.0,0.0,0.0,0.0,July
365,A - IPC Crime,"DEFENCE FORCES OFFENCES RELATING (also relating to desertion) (Sec.131 to 140, except 136 IPC)",Army,0.0,0.0,0.0,0.0,July
366,A - IPC Crime,"DEFENCE FORCES OFFENCES RELATING (also relating to desertion) (Sec.131 to 140, except 136 IPC)",Navy,0.0,0.0,0.0,0.0,July
367,A - IPC Crime,"ESCAPE FROM LAWFUL CUSTODY AND RESISTANCE (Sec.224, 225, 225(B) IPC)",From Jail Custody,4.0,2.0,3.0,0.0,July
368,A - IPC Crime,"ESCAPE FROM LAWFUL CUSTODY AND RESISTANCE (Sec.224, 225, 225(B) IPC)",From Police Custody,17.0,2.0,1.0,3.0,July
369,A - IPC Crime,"ESCAPE FROM LAWFUL CUSTODY AND RESISTANCE (Sec.224, 225, 225(B) IPC)",Others,6.0,2.0,0.0,1.0,July
370,A - IPC Crime,"IMPERSONATION (Sec.170, 171 IPC)",Attempt to Commit,1.0,1.0,0.0,0.0,July
371,A - IPC Crime,"IMPERSONATION (Sec.170, 171 IPC)",Non-Uniformed Authority,4.0,0.0,0.0,1.0,July
372,A - IPC Crime,"IMPERSONATION (Sec.170, 171 IPC)",Uniformed Authority,0.0,0.0,0.0,0.0,July
373,A - IPC Crime,"MISCHIEF (Sec.427 to 440 except 434, 435, 436, 438 IPC)",,290.0,47.0,34.0,36.0,July
374,A - IPC Crime,MOLESTATION (Sec.354 IPC),Attempt to Commit,50.0,8.0,6.0,6.0,July
375,A - IPC Crime,MOLESTATION (Sec.354 IPC),Private Place,799.0,124.0,87.0,85.0,July
376,A - IPC Crime,MOLESTATION (Sec.354 IPC),Public Conveyance,8.0,2.0,0.0,2.0,July
377,A - IPC Crime,MOLESTATION (Sec.354 IPC),Public Place,1638.0,212.0,165.0,175.0,July
378,A - IPC Crime,MOLESTATION (Sec.354 IPC),Other Places,2062.0,304.0,187.0,205.0,July
379,A - IPC Crime,MOLESTATION (Sec.354 IPC),Sub Total,4557.0,650.0,445.0,473.0,July
380,A - IPC Crime,MOLESTATION (Sec.354 IPC),POISONING-PROFESSIONAL (Sec. 328 IPC),,,,,July
381,A - IPC Crime,MOLESTATION (Sec.354 IPC),Attempt to Commit,2.0,2.0,1.0,0.0,July
382,A - IPC Crime,MOLESTATION (Sec.354 IPC),Fatal,1.0,0.0,0.0,0.0,July
383,A - IPC Crime,MOLESTATION (Sec.354 IPC),Non Fatal,3.0,1.0,1.0,0.0,July
384,A - IPC Crime,PORNOGRAPHY (Sec.292 to 294 IPC),Advertisement,0.0,0.0,0.0,0.0,July
385,A - IPC Crime,PORNOGRAPHY (Sec.292 to 294 IPC),Audio Tape,0.0,0.0,0.0,0.0,July
386,A - IPC Crime,PORNOGRAPHY (Sec.292 to 294 IPC),Book,0.0,0.0,0.0,0.0,July
387,A - IPC Crime,PORNOGRAPHY (Sec.292 to 294 IPC),Computer Software,0.0,0.0,0.0,0.0,July
388,A - IPC Crime,PORNOGRAPHY (Sec.292 to 294 IPC),Figures,0.0,1.0,0.0,0.0,July
389,A - IPC Crime,PORNOGRAPHY (Sec.292 to 294 IPC),Film (Blue),0.0,0.0,0.0,0.0,July
390,A - IPC Crime,PORNOGRAPHY (Sec.292 to 294 IPC),Painting,0.0,0.0,0.0,0.0,July
391,A - IPC Crime,PORNOGRAPHY (Sec.292 to 294 IPC),Pamphlet,0.0,0.0,0.0,0.0,July
392,A - IPC Crime,PORNOGRAPHY (Sec.292 to 294 IPC),Paper,0.0,0.0,0.0,0.0,July
393,A - IPC Crime,PORNOGRAPHY (Sec.292 to 294 IPC),Photography,0.0,0.0,0.0,0.0,July
394,A - IPC Crime,PORNOGRAPHY (Sec.292 to 294 IPC),Poster,0.0,0.0,0.0,0.0,July
395,A - IPC Crime,PORNOGRAPHY (Sec.292 to 294 IPC),Video Film(Blue),1.0,0.0,0.0,0.0,July
396,A - IPC Crime,PUBLIC JUSTICE (Sec.213 to 215 IPC),,3.0,0.0,1.0,0.0,July
397,A - IPC Crime,PUBLIC NUISANCE (Sec.291 and 510 IPC),,57.0,14.0,13.0,5.0,July
398,A - IPC Crime,"PUBLIC SAFETY (Sec.269 to 271, 277, 283, 289 IPC)",,2343.0,675.0,135.0,225.0,July
399,A - IPC Crime,"OFFENCES AGAINST PUBLIC SERVANTS (Public servant is a victim) (Sec 182-188, 332, 333, 353 IPC)",Attempt to Commit,9.0,0.0,1.0,2.0,July
400,A - IPC Crime,"OFFENCES AGAINST PUBLIC SERVANTS (Public servant is a victim) (Sec 182-188, 332, 333, 353 IPC)",Defence Personnel,1.0,0.0,0.0,0.0,July
401,A - IPC Crime,"OFFENCES AGAINST PUBLIC SERVANTS (Public servant is a victim) (Sec 182-188, 332, 333, 353 IPC)",Jail Personnel,8.0,1.0,0.0,1.0,July
402,A - IPC Crime,"OFFENCES AGAINST PUBLIC SERVANTS (Public servant is a victim) (Sec 182-188, 332, 333, 353 IPC)",Judicial Official,11.0,2.0,1.0,0.0,July
403,A - IPC Crime,"OFFENCES AGAINST PUBLIC SERVANTS (Public servant is a victim) (Sec 182-188, 332, 333, 353 IPC)",Minister,0.0,0.0,0.0,0.0,July
404,A - IPC Crime,"OFFENCES AGAINST PUBLIC SERVANTS (Public servant is a victim) (Sec 182-188, 332, 333, 353 IPC)",MLA,0.0,0.0,0.0,0.0,July
405,A - IPC Crime,"OFFENCES AGAINST PUBLIC SERVANTS (Public servant is a victim) (Sec 182-188, 332, 333, 353 IPC)",MP,1.0,0.0,0.0,0.0,July
406,A - IPC Crime,"OFFENCES AGAINST PUBLIC SERVANTS (Public servant is a victim) (Sec 182-188, 332, 333, 353 IPC)",Nationalised Bank Personnel,0.0,1.0,0.0,0.0,July
407,A - IPC Crime,"OFFENCES AGAINST PUBLIC SERVANTS (Public servant is a victim) (Sec 182-188, 332, 333, 353 IPC)",Other Elected Member,3.0,0.0,0.0,2.0,July
408,A - IPC Crime,"OFFENCES AGAINST PUBLIC SERVANTS (Public servant is a victim) (Sec 182-188, 332, 333, 353 IPC)",Other Enforcement Official,6.0,1.0,0.0,3.0,July
409,A - IPC Crime,"OFFENCES AGAINST PUBLIC SERVANTS (Public servant is a victim) (Sec 182-188, 332, 333, 353 IPC)",Other Govt. Official,270.0,32.0,31.0,33.0,July
410,A - IPC Crime,"OFFENCES AGAINST PUBLIC SERVANTS (Public servant is a victim) (Sec 182-188, 332, 333, 353 IPC)",Para Military Personnel,1.0,0.0,0.0,0.0,July
411,A - IPC Crime,"OFFENCES AGAINST PUBLIC SERVANTS (Public servant is a victim) (Sec 182-188, 332, 333, 353 IPC)",Police Personnel,267.0,35.0,29.0,36.0,July
412,A - IPC Crime,"OFFENCES AGAINST PUBLIC SERVANTS (Public servant is a victim) (Sec 182-188, 332, 333, 353 IPC)",Public Sector Undertaking Official,68.0,6.0,6.0,6.0,July
413,A - IPC Crime,"OFFENCES BY PUBLIC SERVANTS (EXCEPT CORRUPTION) (Public servant is accused) (Sec.128, 139, 167, 218, 221, 222 IPC)",Defence Personnel,0.0,0.0,0.0,0.0,July
414,A - IPC Crime,"OFFENCES BY PUBLIC SERVANTS (EXCEPT CORRUPTION) (Public servant is accused) (Sec.128, 139, 167, 218, 221, 222 IPC)",Jail Personnel,1.0,0.0,0.0,0.0,July
415,A - IPC Crime,"OFFENCES BY PUBLIC SERVANTS (EXCEPT CORRUPTION) (Public servant is accused) (Sec.128, 139, 167, 218, 221, 222 IPC)",Judicial Official,0.0,0.0,0.0,0.0,July
416,A - IPC Crime,"OFFENCES BY PUBLIC SERVANTS (EXCEPT CORRUPTION) (Public servant is accused) (Sec.128, 139, 167, 218, 221, 222 IPC)",Minister,0.0,0.0,0.0,0.0,July
417,A - IPC Crime,"OFFENCES BY PUBLIC SERVANTS (EXCEPT CORRUPTION) (Public servant is accused) (Sec.128, 139, 167, 218, 221, 222 IPC)",MLA,0.0,0.0,0.0,0.0,July
418,A - IPC Crime,"OFFENCES BY PUBLIC SERVANTS (EXCEPT CORRUPTION) (Public servant is accused) (Sec.128, 139, 167, 218, 221, 222 IPC)",MP,0.0,0.0,0.0,0.0,July
419,A - IPC Crime,"OFFENCES BY PUBLIC SERVANTS (EXCEPT CORRUPTION) (Public servant is accused) (Sec.128, 139, 167, 218, 221, 222 IPC)",Nationalised Bank Personnel,0.0,0.0,0.0,0.0,July
420,A - IPC Crime,"OFFENCES BY PUBLIC SERVANTS (EXCEPT CORRUPTION) (Public servant is accused) (Sec.128, 139, 167, 218, 221, 222 IPC)",Other Elected Member,0.0,0.0,0.0,0.0,July
421,A - IPC Crime,"OFFENCES BY PUBLIC SERVANTS (EXCEPT CORRUPTION) (Public servant is accused) (Sec.128, 139, 167, 218, 221, 222 IPC)",Other Enforcement Official,0.0,0.0,0.0,0.0,July
422,A - IPC Crime,"OFFENCES BY PUBLIC SERVANTS (EXCEPT CORRUPTION) (Public servant is accused) (Sec.128, 139, 167, 218, 221, 222 IPC)",Other Govt. Official,3.0,1.0,0.0,0.0,July
423,A - IPC Crime,"OFFENCES BY PUBLIC SERVANTS (EXCEPT CORRUPTION) (Public servant is accused) (Sec.128, 139, 167, 218, 221, 222 IPC)",Para Military Personnel,0.0,0.0,0.0,0.0,July
424,A - IPC Crime,"OFFENCES BY PUBLIC SERVANTS (EXCEPT CORRUPTION) (Public servant is accused) (Sec.128, 139, 167, 218, 221, 222 IPC)",Police Personnel,3.0,0.0,1.0,0.0,July
425,A - IPC Crime,"OFFENCES BY PUBLIC SERVANTS (EXCEPT CORRUPTION) (Public servant is accused) (Sec.128, 139, 167, 218, 221, 222 IPC)",Public Sector Undertaking Official,0.0,0.0,0.0,0.0,July
426,A - IPC Crime,"NEGLIGENT ACT (Sec.280 to 289, 336 to 338 except 283 IPC)",Death Causeed By Electric Shock,56.0,6.0,13.0,7.0,July
427,A - IPC Crime,"NEGLIGENT ACT (Sec.280 to 289, 336 to 338 except 283 IPC)",Animal -Related,44.0,8.0,6.0,6.0,July
428,A - IPC Crime,"NEGLIGENT ACT (Sec.280 to 289, 336 to 338 except 283 IPC)",Boat/Vessel - Related,3.0,0.0,0.0,0.0,July
429,A - IPC Crime,"NEGLIGENT ACT (Sec.280 to 289, 336 to 338 except 283 IPC)",Explosive/Explosive Substances - Related,30.0,1.0,0.0,7.0,July
430,A - IPC Crime,"NEGLIGENT ACT (Sec.280 to 289, 336 to 338 except 283 IPC)",Inflammable Substance- Related ,18.0,2.0,5.0,3.0,July
431,A - IPC Crime,"NEGLIGENT ACT (Sec.280 to 289, 336 to 338 except 283 IPC)",Machinery - Related,76.0,8.0,12.0,5.0,July
432,A - IPC Crime,"NEGLIGENT ACT (Sec.280 to 289, 336 to 338 except 283 IPC)",Poisonous Substance - Related,5.0,0.0,0.0,1.0,July
433,A - IPC Crime,"NEGLIGENT ACT (Sec.280 to 289, 336 to 338 except 283 IPC)",Other - Related,1082.0,83.0,76.0,368.0,July
434,A - IPC Crime,"NEGLIGENT ACT (Sec.280 to 289, 336 to 338 except 283 IPC)",Human - Related,509.0,83.0,60.0,86.0,July
435,A - IPC Crime,RECEIVING OF STOLEN PROPERTY (Sec.411 to 414 IPC),,1.0,0.0,0.0,0.0,July
436,A - IPC Crime,SEDITION (Sec. 124A IPC),Attempt to Commit,0.0,0.0,0.0,0.0,July
437,A - IPC Crime,SEDITION (Sec. 124A IPC),By Foreigner,0.0,0.0,0.0,0.0,July
438,A - IPC Crime,SEDITION (Sec. 124A IPC),By National,0.0,0.0,0.0,0.0,July
439,A - IPC Crime,SEDITION (Sec. 124A IPC),By National And Foreigner,0.0,0.0,0.0,0.0,July
440,A - IPC Crime,INSULTING MODESTY OF WOMEN (EVE TEASING) (Sec.509 IPC),Attempt to Commit,2.0,1.0,1.0,1.0,July
441,A - IPC Crime,INSULTING MODESTY OF WOMEN (EVE TEASING) (Sec.509 IPC),Office,3.0,0.0,0.0,1.0,July
442,A - IPC Crime,INSULTING MODESTY OF WOMEN (EVE TEASING) (Sec.509 IPC),Public Conveyance,2.0,0.0,1.0,0.0,July
443,A - IPC Crime,INSULTING MODESTY OF WOMEN (EVE TEASING) (Sec.509 IPC),Public Place,38.0,5.0,9.0,7.0,July
444,A - IPC Crime,INSULTING MODESTY OF WOMEN (EVE TEASING) (Sec.509 IPC),Other Places,53.0,10.0,16.0,4.0,July
445,A - IPC Crime,"SUICIDE (Sec.305, 306, 309 IPC)",Dowry,2.0,2.0,0.0,1.0,July
446,A - IPC Crime,"SUICIDE (Sec.305, 306, 309 IPC)",Abetment of Suicide,208.0,32.0,28.0,31.0,July
447,A - IPC Crime,"SUICIDE (Sec.305, 306, 309 IPC)",Other Reasons,185.0,26.0,21.0,18.0,July
448,A - IPC Crime,"SUICIDE (Sec.305, 306, 309 IPC)",Attempt to Commit suicide,68.0,19.0,7.0,2.0,July
449,A - IPC Crime,UNNATURAL SEX (Sec.377 IPC),Abetment  ,0.0,0.0,0.0,0.0,July
450,A - IPC Crime,UNNATURAL SEX (Sec.377 IPC),Animal  ,0.0,0.0,0.0,0.0,July
451,A - IPC Crime,UNNATURAL SEX (Sec.377 IPC),Attempt,0.0,0.0,0.0,0.0,July
452,A - IPC Crime,UNNATURAL SEX (Sec.377 IPC),Major - Man,3.0,0.0,0.0,0.0,July
453,A - IPC Crime,UNNATURAL SEX (Sec.377 IPC),Major - Woman,1.0,0.0,0.0,0.0,July
454,A - IPC Crime,UNNATURAL SEX (Sec.377 IPC),Minor - Boy,0.0,1.0,0.0,0.0,July
455,A - IPC Crime,UNNATURAL SEX (Sec.377 IPC),Minor - Girl,0.0,0.0,0.0,0.0,July
456,A - IPC Crime,WRONGFUL RESTRAINT/CONFINEMENT (Sec.341 to 348 IPC),Attempt to Commit,20.0,3.0,1.0,6.0,July
457,A - IPC Crime,WRONGFUL RESTRAINT/CONFINEMENT (Sec.341 to 348 IPC),To Extort Confession,4.0,1.0,0.0,0.0,July
458,A - IPC Crime,WRONGFUL RESTRAINT/CONFINEMENT (Sec.341 to 348 IPC),To Extort Property,15.0,2.0,1.0,2.0,July
459,A - IPC Crime,WRONGFUL RESTRAINT/CONFINEMENT (Sec.341 to 348 IPC),To settle Dispute,9.0,2.0,2.0,1.0,July
460,A - IPC Crime,"INFANTICIDE (Sec.315, 316 IPC)",Male,0.0,0.0,0.0,0.0,July
461,A - IPC Crime,"INFANTICIDE (Sec.315, 316 IPC)",Female,1.0,0.0,0.0,1.0,July
462,A - IPC Crime,OFFENCES RELATED TO MARRIAGE (Sec.493 to 498 IPC),,25.0,4.0,3.0,1.0,July
463,A - IPC Crime,"BUYING & SELLING MINOR FOR PROSTITUTION (Sec.372, 373 IPC)",,0.0,0.0,0.0,0.0,July
464,A - IPC Crime,DOCUMENTS & PROPERTY MARKS (Sec.483 to 489 IPC),Documents  ,1.0,0.0,1.0,0.0,July
465,A - IPC Crime,DOCUMENTS & PROPERTY MARKS (Sec.483 to 489 IPC),Property  ,1.0,0.0,1.0,0.0,July
466,A - IPC Crime,DEFAMATION (Sec.500 to 502 IPC),Persons ,5.0,0.0,0.0,1.0,July
467,A - IPC Crime,DEFAMATION (Sec.500 to 502 IPC),Printed Matter,2.0,0.0,0.0,0.0,July
468,A - IPC Crime,ELECTION(Sec.171(E) to 171(1) IPC),Assembly,6.0,0.0,1.0,0.0,July
469,A - IPC Crime,ELECTION(Sec.171(E) to 171(1) IPC),Parliament,153.0,0.0,0.0,1.0,July
470,A - IPC Crime,ELECTION(Sec.171(E) to 171(1) IPC),Other Elected Bodies,13.0,0.0,0.0,0.0,July
471,A - IPC Crime,"SLAVERY (Sec.370, 371, 374 IPC)",Man,0.0,0.0,0.0,0.0,July
472,A - IPC Crime,"SLAVERY (Sec.370, 371, 374 IPC)",Woman,0.0,0.0,0.0,0.0,July
473,A - IPC Crime,"SLAVERY (Sec.370, 371, 374 IPC)",Boy,0.0,0.0,0.0,0.0,July
474,A - IPC Crime,"SLAVERY (Sec.370, 371, 374 IPC)",Girl,0.0,0.0,0.0,0.0,July
475,A - IPC Crime,Attempting to commit offences (Sec.511 IPC),Attempting to commit offences,153.0,23.0,25.0,25.0,July
476,A - IPC Crime,ILLEGAL DETENTION (Sec.342 IPC),,0.0,0.0,0.0,0.0,July
477,A - IPC Crime,FALSE EVIDENCE (Sec.191 to 205 IPC),,4.0,1.0,0.0,0.0,July
478,A - IPC Crime,EXPOSURE AND ABANDONMENT OF CHILD (Sec.317 IPC),Boy ,24.0,1.0,4.0,1.0,July
479,A - IPC Crime,EXPOSURE AND ABANDONMENT OF CHILD (Sec.317 IPC),Girl,15.0,4.0,3.0,3.0,July
480,A - IPC Crime,OF ABETMENT (Sec.107 to 120 IPC),,6.0,1.0,1.0,1.0,July
481,A - IPC Crime,"FAILURE TO APPEAR TO COURT (Sec.174, 229A IPC)",174 A,56.0,5.0,10.0,9.0,July
482,A - IPC Crime,"FAILURE TO APPEAR TO COURT (Sec.174, 229A IPC)",229 A,217.0,8.0,22.0,35.0,July
483,A - IPC Crime,Concealment of birth by secret disposal of Child,Girl,9.0,3.0,1.0,2.0,July
484,A - IPC Crime,Concealment of birth by secret disposal of Child,Boy,20.0,0.0,2.0,2.0,July
485,A - IPC Crime,ASSAULT OR USE OF CRIMINAL FORCE TO DISROBE WOMEN,,7.0,0.0,1.0,1.0,July
486,A - IPC Crime,Disobedience to Order Promulgated by Public/Servant,By Others,12.0,2.0,2.0,0.0,July
487,A - IPC Crime,Disobedience to Order Promulgated by Public/Servant,By Private Institution,0.0,0.0,0.0,0.0,July
488,A - IPC Crime,Disobedience to Order Promulgated by Public/Servant,By Govt. Institution,12.0,1.0,2.0,0.0,July
489,A - IPC Crime,Human Trafficking,Eunuch,0.0,0.0,0.0,0.0,July
490,A - IPC Crime,Human Trafficking,Men,2.0,0.0,2.0,0.0,July
491,A - IPC Crime,Human Trafficking,Boy,5.0,0.0,0.0,0.0,July
492,A - IPC Crime,Human Trafficking,Women,2.0,0.0,0.0,0.0,July
493,A - IPC Crime,Human Trafficking,Girl,0.0,0.0,0.0,0.0,July
494,A - IPC Crime,Aadhaar Act,Impersonation,1.0,0.0,1.0,0.0,July
495,A - IPC Crime,Aadhaar Act,Offence by Company,0.0,0.0,0.0,0.0,July
496,A - IPC Crime,Aadhaar Act,Offence by individual,0.0,0.0,0.0,0.0,July
497,A - IPC Crime,Giving false information respecting an offence com,Giving false information respecting an offence committed,2.0,0.0,0.0,1.0,July
498,B - SPECIAL & LOCAL LAWS,ANTIQUES (CULTURAL PROPERTY),Antiques & Art Treasures Act 1972,0.0,0.0,0.0,0.0,July
499,B - SPECIAL & LOCAL LAWS,ANTIQUES (CULTURAL PROPERTY),Ancient Monument & Archaelogical Sites And Remains Act 1958,4.0,0.0,0.0,0.0,July
500,B - SPECIAL & LOCAL LAWS,ARMS ACT 1959,Country Made - Non Prohibited Bore - In Disturbed Area,16.0,1.0,2.0,0.0,July
501,B - SPECIAL & LOCAL LAWS,ARMS ACT 1960,Country Made - Non Prohibited Bore - In Other Area,71.0,12.0,13.0,6.0,July
502,B - SPECIAL & LOCAL LAWS,ARMS ACT 1961,Country Made - Prohibited Bore - In Disturbed Area,8.0,3.0,3.0,0.0,July
503,B - SPECIAL & LOCAL LAWS,ARMS ACT 1962,Country Made - Prohibited Bore - In Other Area,55.0,10.0,7.0,11.0,July
504,B - SPECIAL & LOCAL LAWS,ARMS ACT 1963,Factory Made - Non Prohibited Bore - In Disturbed Area,1.0,0.0,0.0,0.0,July
505,B - SPECIAL & LOCAL LAWS,ARMS ACT 1964,Factory Made - Non Prohibited Bore - In Other Area,18.0,1.0,4.0,1.0,July
506,B - SPECIAL & LOCAL LAWS,ARMS ACT 1965,Factory Made - Prohibited Bore - In Disturbed Area,2.0,0.0,0.0,1.0,July
507,B - SPECIAL & LOCAL LAWS,ARMS ACT 1966,Factory Made - Prohibited Bore - In Other Area,20.0,3.0,2.0,3.0,July
508,B - SPECIAL & LOCAL LAWS,ANIMAL,The Karnataka Prevention of Slaughter and Preservation of Cattle Ordinance 2020,108.0,12.0,13.0,16.0,July
509,B - SPECIAL & LOCAL LAWS,ANIMAL,Wild Life Preservation Act 1972,0.0,0.0,0.0,0.0,July
510,B - SPECIAL & LOCAL LAWS,ANIMAL,Wild Life Protection Act 1972,2.0,1.0,0.0,1.0,July
511,B - SPECIAL & LOCAL LAWS,ANIMAL,Prevention of Cruelty to Animals Act 1960,118.0,18.0,10.0,10.0,July
512,B - SPECIAL & LOCAL LAWS,ANIMAL,Elephant (Preservation) Act 1879,0.0,0.0,0.0,0.0,July
513,B - SPECIAL & LOCAL LAWS,ANIMAL,Cattle Tresspass Act 1871,3.0,0.0,0.0,0.0,July
514,B - SPECIAL & LOCAL LAWS,CINEMATOGRAPHY ACT 1952,Films,2.0,0.0,0.0,0.0,July
515,B - SPECIAL & LOCAL LAWS,CINEMATOGRAPHY ACT 1953,Video,0.0,0.0,0.0,0.0,July
516,B - SPECIAL & LOCAL LAWS,CONSUMER,Liquified Petroleum Gas Supply & Control Order 2000 ,50.0,6.0,2.0,7.0,July
517,B - SPECIAL & LOCAL LAWS,CONSUMER,Consumer (Protection) Act 1986,5.0,1.0,0.0,0.0,July
518,B - SPECIAL & LOCAL LAWS,CONSUMER,Essential Commodities Act 1955,324.0,49.0,34.0,25.0,July
519,B - SPECIAL & LOCAL LAWS,CONSUMER,Prevention of Food Adulternation Act 1954,3.0,0.0,0.0,0.0,July
520,B - SPECIAL & LOCAL LAWS,CONSUMER,Packaged Commodities (Regulation) order 1975,0.0,0.0,0.0,0.0,July
521,B - SPECIAL & LOCAL LAWS,COPY RIGHT ACT 1957,By Company,100.0,12.0,11.0,14.0,July
522,B - SPECIAL & LOCAL LAWS,COPY RIGHT ACT 1958,By Individual,59.0,3.0,3.0,7.0,July
523,B - SPECIAL & LOCAL LAWS,CIVIL RIGHTS,Protection of Civil Rights Act 1955,0.0,1.0,0.0,0.0,July
524,B - SPECIAL & LOCAL LAWS,SCHEDULED CASTE AND THE SCHEDULED TRIBES,Scheduled Caste  ,879.0,126.0,97.0,105.0,July
525,B - SPECIAL & LOCAL LAWS,SCHEDULED CASTE AND THE SCHEDULED TRIBES,Scheduled Tribes,173.0,21.0,14.0,17.0,July
526,B - SPECIAL & LOCAL LAWS,SCHEDULED CASTE AND THE SCHEDULED TRIBES,Scheduled Caste Women,337.0,48.0,44.0,35.0,July
527,B - SPECIAL & LOCAL LAWS,SCHEDULED CASTE AND THE SCHEDULED TRIBES,Scheduled Tribes Women,81.0,13.0,12.0,6.0,July
528,B - SPECIAL & LOCAL LAWS,CHILDREN ACT,Child Labour (Prohibition & Regulation) Act1986,85.0,5.0,7.0,29.0,July
529,B - SPECIAL & LOCAL LAWS,CHILDREN ACT,Child Marriage (Restraint) Act - 1929,114.0,7.0,16.0,15.0,July
530,B - SPECIAL & LOCAL LAWS,CHILDREN ACT,Juvenile Justice Act 1986,101.0,6.0,7.0,11.0,July
531,B - SPECIAL & LOCAL LAWS,CHILDREN ACT,Probation of offenders Act 1958,0.0,0.0,0.0,0.0,July
532,B - SPECIAL & LOCAL LAWS,CHILDREN ACT,Protection of Children from Sexual Offences Act 2012 (POCSO),0.0,0.0,0.0,0.0,July
533,B - SPECIAL & LOCAL LAWS,PREVENTION OF CORRUPTION ACT 1988,Public Servant - Elected,0.0,0.0,0.0,0.0,July
534,B - SPECIAL & LOCAL LAWS,PREVENTION OF CORRUPTION ACT 1989,Public Servant - Gazetted - Central,0.0,0.0,0.0,0.0,July
535,B - SPECIAL & LOCAL LAWS,PREVENTION OF CORRUPTION ACT 1990,Public Servant - Gazetted - Defence,0.0,0.0,0.0,0.0,July
536,B - SPECIAL & LOCAL LAWS,PREVENTION OF CORRUPTION ACT 1991,Public Servant - Gazetted - Public Sector Undertaking,0.0,0.0,0.0,0.0,July
537,B - SPECIAL & LOCAL LAWS,PREVENTION OF CORRUPTION ACT 1992,Public Servant - Gazetted - State,0.0,0.0,0.0,0.0,July
538,B - SPECIAL & LOCAL LAWS,PREVENTION OF CORRUPTION ACT 1993,Public Servant - Non-Gazetted - Central,0.0,0.0,0.0,0.0,July
539,B - SPECIAL & LOCAL LAWS,PREVENTION OF CORRUPTION ACT 1994,Public Servant - Non-Gazetted - Defence,0.0,0.0,0.0,0.0,July
540,B - SPECIAL & LOCAL LAWS,PREVENTION OF CORRUPTION ACT 1995,Public Servant - Non-Gazetted - State,0.0,0.0,0.0,0.0,July
541,B - SPECIAL & LOCAL LAWS,CUSTOMS,Customs Act 1962,0.0,0.0,0.0,0.0,July
542,B - SPECIAL & LOCAL LAWS,CUSTOMS,Import/Export (Control) Act 1947,0.0,0.0,0.0,0.0,July
543,B - SPECIAL & LOCAL LAWS,Explosives,Explosives Substances Act 1908,19.0,1.0,1.0,3.0,July
544,B - SPECIAL & LOCAL LAWS,Explosives,Explosives Act 1884,37.0,5.0,5.0,7.0,July
545,B - SPECIAL & LOCAL LAWS,Explosives,Inflammable Substance Act 1952,0.0,0.0,0.0,0.0,July
546,B - SPECIAL & LOCAL LAWS,FOREIGN EXCHANGE,Smugglers and Foreign Exchange Manipulator Act 1976,0.0,0.0,0.0,0.0,July
547,B - SPECIAL & LOCAL LAWS,FOREIGN EXCHANGE,Foreign Exchange Regulation Act 1973,0.0,0.0,0.0,0.0,July
548,B - SPECIAL & LOCAL LAWS,FOREIGN EXCHANGE,Foreign Exchange Regulation Act 1952,0.0,0.0,0.0,0.0,July
549,B - SPECIAL & LOCAL LAWS,FOREIGNER,Foreigners Act 1946,33.0,3.0,4.0,1.0,July
550,B - SPECIAL & LOCAL LAWS,FOREIGNER,Registration of Foreigners Act 1939,0.0,0.0,0.0,0.0,July
551,B - SPECIAL & LOCAL LAWS,FOREST,Indian Forest Act 1927,2.0,1.0,0.0,0.0,July
552,B - SPECIAL & LOCAL LAWS,FOREST,Forest (Conservation) Act 1980,7.0,0.0,0.0,2.0,July
553,B - SPECIAL & LOCAL LAWS,HIJACKING,Foreign Aircraft - In India,0.0,0.0,0.0,0.0,July
554,B - SPECIAL & LOCAL LAWS,HIJACKING,Foreign Aircraft - Outside India,0.0,0.0,0.0,0.0,July
555,B - SPECIAL & LOCAL LAWS,HIJACKING,Indian Aircraft - In India,0.0,0.0,0.0,0.0,July
556,B - SPECIAL & LOCAL LAWS,HIJACKING,Indian Aircraft - Outside India,0.0,0.0,0.0,0.0,July
557,B - SPECIAL & LOCAL LAWS,IMMORAL TRAFFIC,Organised,148.0,19.0,21.0,8.0,July
558,B - SPECIAL & LOCAL LAWS,IMMORAL TRAFFIC,Un-Organised,53.0,16.0,3.0,7.0,July
559,B - SPECIAL & LOCAL LAWS,BONDED LABOUR SYSTEM,,1.0,0.0,1.0,0.0,July
560,B - SPECIAL & LOCAL LAWS,INDIAN MOTOR VEHICLE,,305.0,3.0,2.0,254.0,July
561,B - SPECIAL & LOCAL LAWS,NARCOTIC DRUGS & PSYCHOTROPIC SUBSTANCES ACT,Cultivated/Processed,982.0,376.0,158.0,195.0,July
562,B - SPECIAL & LOCAL LAWS,NARCOTIC DRUGS & PSYCHOTROPIC SUBSTANCES ACT,Synthetic,1515.0,349.0,196.0,241.0,July
563,B - SPECIAL & LOCAL LAWS,NARCOTIC DRUGS & PSYCHOTROPIC SUBSTANCES ACT,Sub Total,2497.0,725.0,354.0,436.0,July
564,B - SPECIAL & LOCAL LAWS,NARCOTIC DRUGS & PSYCHOTROPIC SUBSTANCES ACT,PASSPORT ACT,,,,,July
565,B - SPECIAL & LOCAL LAWS,NARCOTIC DRUGS & PSYCHOTROPIC SUBSTANCES ACT,Foreigner,2.0,0.0,0.0,1.0,July
566,B - SPECIAL & LOCAL LAWS,NARCOTIC DRUGS & PSYCHOTROPIC SUBSTANCES ACT,Indian,1.0,2.0,0.0,0.0,July
567,B - SPECIAL & LOCAL LAWS,REPRESENTATIVE OF PEOPLE ACT 1951 & 1988,Assembly,5.0,0.0,1.0,0.0,July
568,B - SPECIAL & LOCAL LAWS,REPRESENTATIVE OF PEOPLE ACT 1951 & 1989,Parliament,103.0,0.0,0.0,1.0,July
569,B - SPECIAL & LOCAL LAWS,REPRESENTATIVE OF PEOPLE ACT 1951 & 1990,Other Elected Bodies,10.0,0.0,0.0,0.0,July
570,B - SPECIAL & LOCAL LAWS,KARNATAKA POLICE ACT 1963,Gambling - Matka (78 Class C),3325.0,687.0,370.0,480.0,July
571,B - SPECIAL & LOCAL LAWS,KARNATAKA POLICE ACT 1964,Street Gambling (87),4021.0,753.0,455.0,474.0,July
572,B - SPECIAL & LOCAL LAWS,KARNATAKA POLICE ACT 1965,House Gambling (79 & 80),175.0,31.0,28.0,21.0,July
573,B - SPECIAL & LOCAL LAWS,KARNATAKA POLICE ACT 1966,Betting ,397.0,18.0,8.0,10.0,July
574,B - SPECIAL & LOCAL LAWS,KARNATAKA POLICE ACT 1967,Others ,402.0,52.0,47.0,39.0,July
575,B - SPECIAL & LOCAL LAWS,PREVENTION OF DAMAGE TO PUBLIC PROPERTY ACT 1984,,119.0,20.0,17.0,11.0,July
576,B - SPECIAL & LOCAL LAWS,"POST & TELEGRAPH, TELEGRAPH WIRES (UNLAWFUL POSSESSION) ACT 1980",,2.0,1.0,0.0,1.0,July
577,B - SPECIAL & LOCAL LAWS,OFFICIAL SECURITY RELATED ACTS,Official Secrets Act 1923,0.0,1.0,0.0,0.0,July
578,B - SPECIAL & LOCAL LAWS,OFFICIAL SECURITY RELATED ACTS,Essential Services Maintenance Act 1981,0.0,0.0,0.0,0.0,July
579,B - SPECIAL & LOCAL LAWS,PREVENTION OF TERRORISM ACT (POTA),RAILWAYS ACT,,,,,July
580,B - SPECIAL & LOCAL LAWS,PREVENTION OF TERRORISM ACT (POTA),Indian Railways Act 1989,1.0,0.0,0.0,0.0,July
581,B - SPECIAL & LOCAL LAWS,PREVENTION OF TERRORISM ACT (POTA),Railway Property (Unlawful Possession) Act 1966,0.0,0.0,0.0,0.0,July
582,B - SPECIAL & LOCAL LAWS,UNLAWFUL ACTIVITIES (Prevention) Act 1967,,4.0,0.0,0.0,0.0,July
583,B - SPECIAL & LOCAL LAWS,CRIMES RELATED TO WOMEN,Dowry Prohibition,1335.0,239.0,145.0,120.0,July
584,B - SPECIAL & LOCAL LAWS,CRIMES RELATED TO WOMEN,Commission of SATI (Prevention) Act 1987,0.0,0.0,0.0,0.0,July
585,B - SPECIAL & LOCAL LAWS,CRIMES RELATED TO WOMEN,Indecent Representation of Women (Prohibition) Act 1986,1.0,0.0,0.0,0.0,July
586,B - SPECIAL & LOCAL LAWS,INDIAN LUNACY ACT,,0.0,0.0,0.0,0.0,July
587,B - SPECIAL & LOCAL LAWS,INDIAN ELECTRICITY ACT,,6.0,1.0,2.0,2.0,July
588,B - SPECIAL & LOCAL LAWS,"COTPA, CIGARETTES AND OTHER TOBACCO PRODUCTS",,663.0,76.0,133.0,111.0,July
589,B - SPECIAL & LOCAL LAWS,KARNATAKA STATE LOCAL ACTS,"Motor Spirit and High Speed Diesel (Regulation of upply, Distribution and Prevention of Malpractice",0.0,0.0,0.0,0.0,July
590,B - SPECIAL & LOCAL LAWS,KARNATAKA STATE LOCAL ACTS,Banning of Unregulated Deposit Schemes Act,14.0,0.0,1.0,1.0,July
591,B - SPECIAL & LOCAL LAWS,KARNATAKA STATE LOCAL ACTS,Karnataka Epidemic Deseases Act 2020,0.0,0.0,0.0,0.0,July
592,B - SPECIAL & LOCAL LAWS,KARNATAKA STATE LOCAL ACTS,Karnataka Cow Slaughters Act,169.0,23.0,17.0,15.0,July
593,B - SPECIAL & LOCAL LAWS,KARNATAKA STATE LOCAL ACTS,"The Karnataka Prevention of Dangerous Activities of Bootleggers, Drug-offenders, Gamblers, Goonda Act",0.0,0.0,0.0,0.0,July
594,B - SPECIAL & LOCAL LAWS,KARNATAKA STATE LOCAL ACTS,Disaster Management Act 2005,1.0,0.0,0.0,1.0,July
595,B - SPECIAL & LOCAL LAWS,KARNATAKA STATE LOCAL ACTS,Karnataka Prevention of Slaughter and Preservation of Cattle Act 2020,135.0,17.0,15.0,17.0,July
596,B - SPECIAL & LOCAL LAWS,KARNATAKA STATE LOCAL ACTS,Karnataka Excise Act 1965,4870.0,683.0,549.0,448.0,July
597,B - SPECIAL & LOCAL LAWS,KARNATAKA STATE LOCAL ACTS,Karnataka Forest Act 1963,43.0,13.0,3.0,12.0,July
598,B - SPECIAL & LOCAL LAWS,KARNATAKA STATE LOCAL ACTS,Karnataka Education Act 1983 As Amended Upto Date,6.0,0.0,2.0,0.0,July
599,B - SPECIAL & LOCAL LAWS,KARNATAKA STATE LOCAL ACTS,Karnataka Kerosene Restriction Unuse Act 1956,0.0,0.0,0.0,0.0,July
600,B - SPECIAL & LOCAL LAWS,KARNATAKA STATE LOCAL ACTS,Karnataka University Act,0.0,0.0,0.0,0.0,July
601,B - SPECIAL & LOCAL LAWS,KARNATAKA STATE LOCAL ACTS,Karnataka Corruption Act,1.0,0.0,0.0,0.0,July
602,B - SPECIAL & LOCAL LAWS,KARNATAKA STATE LOCAL ACTS,Karnataka Medical Registration Act 1965,1.0,0.0,0.0,0.0,July
603,B - SPECIAL & LOCAL LAWS,KARNATAKA STATE LOCAL ACTS,Karnataka Land & Revenue Act 1964 & 2007,14.0,2.0,0.0,2.0,July
604,B - SPECIAL & LOCAL LAWS,KARNATAKA STATE LOCAL ACTS,Karnataka Kerosene Dealers License Order 1969,0.0,0.0,0.0,0.0,July
605,B - SPECIAL & LOCAL LAWS,KARNATAKA STATE LOCAL ACTS,Karnataka Society Registration Act,0.0,0.0,0.0,0.0,July
606,B - SPECIAL & LOCAL LAWS,KARNATAKA STATE LOCAL ACTS,Karnataka Minor Mineral Consistent Rule 1994,31.0,5.0,3.0,2.0,July
607,B - SPECIAL & LOCAL LAWS,KARNATAKA STATE LOCAL ACTS,Bangalore Development Authority Act,0.0,0.0,0.0,0.0,July
608,B - SPECIAL & LOCAL LAWS,KARNATAKA STATE LOCAL ACTS,Karnataka Prohibition of Beggery Act 1975,13.0,0.0,0.0,13.0,July
609,B - SPECIAL & LOCAL LAWS,KARNATAKA STATE LOCAL ACTS,Karnataka Municipalities Act 1964,0.0,0.0,0.0,0.0,July
610,B - SPECIAL & LOCAL LAWS,KARNATAKA STATE LOCAL ACTS,Karnataka Irrigation Act 1963,2.0,5.0,0.0,1.0,July
611,B - SPECIAL & LOCAL LAWS,KARNATAKA STATE LOCAL ACTS,Karnataka Fire Force act 1964,2.0,0.0,0.0,1.0,July
612,B - SPECIAL & LOCAL LAWS,KARNATAKA STATE LOCAL ACTS,Karnataka Consumer Protection Act 1986,0.0,0.0,0.0,0.0,July
613,B - SPECIAL & LOCAL LAWS,KARNATAKA STATE LOCAL ACTS,Karnataka Lottery Act,33.0,7.0,3.0,4.0,July
614,B - SPECIAL & LOCAL LAWS,KARNATAKA STATE LOCAL ACTS,Karnataka Weight & Measurement Act,0.0,0.0,0.0,0.0,July
615,B - SPECIAL & LOCAL LAWS,KARNATAKA STATE LOCAL ACTS,Karnataka Agriculture Marketing Regulation Act,0.0,0.0,0.0,0.0,July
616,B - SPECIAL & LOCAL LAWS,KARNATAKA STATE LOCAL ACTS,Karnataka Revenue Act,2.0,0.0,0.0,1.0,July
617,B - SPECIAL & LOCAL LAWS,KARNATAKA STATE LOCAL ACTS,Karnataka Mining Act,0.0,0.0,0.0,0.0,July
618,B - SPECIAL & LOCAL LAWS,KARNATAKA STATE LOCAL ACTS,Karnataka Betting Tax Act,0.0,0.0,0.0,0.0,July
619,B - SPECIAL & LOCAL LAWS,KARNATAKA STATE LOCAL ACTS,Karnataka Panchayat Raj Act,0.0,0.0,0.0,0.0,July
620,B - SPECIAL & LOCAL LAWS,KARNATAKA STATE LOCAL ACTS,Karnataka Open Place Disfigurement Act 1951,356.0,331.0,99.0,102.0,July
621,B - SPECIAL & LOCAL LAWS,KARNATAKA STATE LOCAL ACTS,Karnataka Right To Information Act 2000 & 2008,0.0,0.0,0.0,0.0,July
622,B - SPECIAL & LOCAL LAWS,KARNATAKA STATE LOCAL ACTS,Karnataka Urban Development Act 1987,0.0,0.0,0.0,0.0,July
623,B - SPECIAL & LOCAL LAWS,KARNATAKA STATE LOCAL ACTS,Karnataka Town & City Planning Act 1961,0.0,0.0,0.0,0.0,July
624,B - SPECIAL & LOCAL LAWS,KARNATAKA STATE LOCAL ACTS,Karnataka Race Betting Act,0.0,0.0,0.0,0.0,July
625,B - SPECIAL & LOCAL LAWS,KARNATAKA STATE LOCAL ACTS,Karnataka Devadasi's (Prohibition Of Dedication) Act 1982,1.0,0.0,0.0,0.0,July
626,B - SPECIAL & LOCAL LAWS,KARNATAKA STATE LOCAL ACTS,Cooperative Society Act,0.0,0.0,0.0,0.0,July
627,B - SPECIAL & LOCAL LAWS,KARNATAKA STATE LOCAL ACTS,Karnataka Entertainment Tax Act 1958,1.0,1.0,0.0,0.0,July
628,B - SPECIAL & LOCAL LAWS,KARNATAKA STATE LOCAL ACTS,Karnataka Land Acquisition (Prohibition) Act 2007,0.0,0.0,0.0,0.0,July
629,B - SPECIAL & LOCAL LAWS,KARNATAKA STATE LOCAL ACTS,Karnataka Money Lender Act 1961,12.0,0.0,0.0,2.0,July
630,B - SPECIAL & LOCAL LAWS,KARNATAKA STATE LOCAL ACTS,Karnataka Stamp Act 1957,0.0,0.0,0.0,0.0,July
631,B - SPECIAL & LOCAL LAWS,KARNATAKA STATE LOCAL ACTS,Karnataka Prisoners Act 1963 & 1974,32.0,16.0,2.0,7.0,July
632,B - SPECIAL & LOCAL LAWS,KARNATAKA STATE LOCAL ACTS,Karnataka Private Medical Institution Act 2007,1.0,0.0,0.0,0.0,July
633,B - SPECIAL & LOCAL LAWS,KARNATAKA STATE LOCAL ACTS,MMRD (Mines & Minerals Regulation Development ) Act 1957,60.0,15.0,2.0,3.0,July
634,B - SPECIAL & LOCAL LAWS,KARNATAKA STATE LOCAL ACTS,Karnataka Treasure Trove Act 1962,0.0,0.0,0.0,0.0,July
635,B - SPECIAL & LOCAL LAWS,KARNATAKA STATE LOCAL ACTS,Karnataka Prohibition of Charging Exorbitant Interest Act 2004,10.0,1.0,1.0,2.0,July
636,B - SPECIAL & LOCAL LAWS,KARNATAKA STATE LOCAL ACTS,Karnataka Ayurvedic And Unani Pract. Regis. & Medical Prac. Misc. Prov. Act,0.0,0.0,0.0,0.0,July
637,B - SPECIAL & LOCAL LAWS,KARNATAKA STATE LOCAL ACTS,Other Local Acts,99.0,15.0,13.0,13.0,July
638,B - SPECIAL & LOCAL LAWS,CYBER CRIME,"Information Technology Act 2000, 2009",15578.0,2202.0,2062.0,1774.0,July
639,B - SPECIAL & LOCAL LAWS,NATIONAL SECURITY ACT,POCSO,,,,,July
640,B - SPECIAL & LOCAL LAWS,NATIONAL SECURITY ACT,Custodial Rape,0.0,1.0,0.0,0.0,July
641,B - SPECIAL & LOCAL LAWS,NATIONAL SECURITY ACT,Gang Rape,6.0,1.0,2.0,0.0,July
642,B - SPECIAL & LOCAL LAWS,NATIONAL SECURITY ACT,Rape with Murder,0.0,0.0,0.0,0.0,July
643,B - SPECIAL & LOCAL LAWS,NATIONAL SECURITY ACT,Rape,1984.0,293.0,242.0,194.0,July
644,B - SPECIAL & LOCAL LAWS,NATIONAL SECURITY ACT,Others ,694.0,104.0,72.0,102.0,July
645,C. CRIMES AGAINST WOMEN,Rape (Sec. 376 IPC),1.1  Custodial Rape,1.0,0.0,0.0,0.0,July
646,C. CRIMES AGAINST WOMEN,Rape (Sec. 376 IPC),1.2  Gang Rape,11.0,1.0,1.0,2.0,July
647,C. CRIMES AGAINST WOMEN,Rape (Sec. 376 IPC),1.3  other Cases of Rape,426.0,53.0,56.0,52.0,July
648,C. CRIMES AGAINST WOMEN,Outraging modesty (Molestation) (sec.354 IPC),,4557.0,650.0,445.0,473.0,July
649,C. CRIMES AGAINST WOMEN,Kidnapping & Abduction of Women: (Sec.366 IPC),,90.0,12.0,14.0,11.0,July
650,C. CRIMES AGAINST WOMEN,Insulting modesty (Eve-Teasing) (Sec.294 & 509 IPC if victim is a woman),,98.0,16.0,27.0,13.0,July
651,C. CRIMES AGAINST WOMEN,Murder for Dowry - by burning (Sec.302 IPC),,0.0,0.0,0.0,0.0,July
652,C. CRIMES AGAINST WOMEN,"Murder for Dowry - by other means
(Sec.302 IPC)",,9.0,0.0,3.0,4.0,July
653,C. CRIMES AGAINST WOMEN,Murder for other reasons,,265.0,37.0,26.0,29.0,July
654,C. CRIMES AGAINST WOMEN,Attempt to Commit Murder for dowry by burning (Sec.307 IPC),,1.0,0.0,0.0,0.0,July
655,C. CRIMES AGAINST WOMEN,Attempt to Commit Murder for dowry by other means (Sec.307 IPC),,25.0,5.0,2.0,4.0,July
656,C. CRIMES AGAINST WOMEN,Attempt to Commit murder for other reasons,,530.0,80.0,53.0,64.0,July
657,C. CRIMES AGAINST WOMEN,"Dowry Death-by burning
(Sec.304-B IPC)",,0.0,1.0,0.0,0.0,July
658,C. CRIMES AGAINST WOMEN,Dowry Death-by other Means (Sec.304(B) IPC),,75.0,12.0,8.0,10.0,July
659,C. CRIMES AGAINST WOMEN,Cruelty by Husband or Relatives of Husband (Sec.498-A IPC),,2111.0,304.0,223.0,246.0,July
660,C. CRIMES AGAINST WOMEN,Abetment of Suicide (Sec.306 IPC),,110.0,12.0,13.0,19.0,July
661,C. CRIMES AGAINST WOMEN,Immoral Traffic (prevention) Act.,,201.0,35.0,24.0,15.0,July
662,C. CRIMES AGAINST WOMEN,Indecent Representation of Women(Prohibition) Act-1986,,1.0,0.0,0.0,0.0,July
663,C. CRIMES AGAINST WOMEN,Pornography,,0.0,0.0,0.0,0.0,July
664,C. CRIMES AGAINST WOMEN,Offences against Public Servants (Sec.182-188-333-353 IPC),,80.0,10.0,5.0,7.0,July
665,C. CRIMES AGAINST WOMEN,Offences related to Marriage,,21.0,4.0,3.0,1.0,July
666,C. CRIMES AGAINST WOMEN,Cyber Crimes,,4635.0,769.0,626.0,544.0,July
667,D.CRIME AGAINST CHILDREN,"Infanticide/ Foeticide 
(Sec. 315 & 316 IPC)",,1.0,0.0,0.0,1.0,July
668,D.CRIME AGAINST CHILDREN,Rape on Minor,,0.0,0.0,0.0,0.0,July
669,D.CRIME AGAINST CHILDREN,Exposure & abandonment (Sec. 317 IPC),,39.0,5.0,7.0,4.0,July
670,D.CRIME AGAINST CHILDREN,Kidnapping & Abduction of Children,For Ransom - of Children,7.0,0.0,0.0,0.0,July
671,D.CRIME AGAINST CHILDREN,Kidnapping & Abduction of Children,of Children - for begging,0.0,0.0,0.0,0.0,July
672,D.CRIME AGAINST CHILDREN,Kidnapping & Abduction of Children,of Girls - Immoral Purpose,0.0,0.0,0.0,0.0,July
673,D.CRIME AGAINST CHILDREN,Kidnapping & Abduction of Children,With intent to Steal from Child,0.0,0.0,0.0,0.0,July
674,D.CRIME AGAINST CHILDREN,Kidnapping & Abduction of Children,Lawful Guardianship,3.0,0.0,1.0,1.0,July
675,D.CRIME AGAINST CHILDREN,Kidnapping & Abduction of Children,Procuration of Minor Girls - For Prostitution,0.0,0.0,0.0,0.0,July
676,D.CRIME AGAINST CHILDREN,Kidnapping & Abduction of Children,Procuration of Minor Girls - Importing of Girl,0.0,0.0,0.0,0.0,July
677,D.CRIME AGAINST CHILDREN,Kidnapping & Abduction of Children,Procuration of Minor Girls - For Other Purposes,12.0,0.0,2.0,0.0,July
678,D.CRIME AGAINST CHILDREN,Selling of girls for Prostitution (Sec.372 IPC),,0.0,0.0,0.0,0.0,July
679,D.CRIME AGAINST CHILDREN,The Prohibition of Child Marriage Act - 2006,,114.0,7.0,16.0,15.0,July
680,D.CRIME AGAINST CHILDREN,POCSO Act,,2684.0,399.0,316.0,296.0,July
681,D.CRIME AGAINST CHILDREN,Death of Children due to miscarriage,,22.0,1.0,2.0,2.0,July
682,D.CRIME AGAINST CHILDREN,Juvenile Justice Act,,101.0,6.0,7.0,11.0,July
683,D.CRIME AGAINST CHILDREN,Child Labour (Pro.& Reg.) Act,,85.0,5.0,7.0,29.0,July
684,D.CRIME AGAINST CHILDREN,Probation of Offenders Act,,0.0,0.0,0.0,0.0,July
685,"    E. CRIME AGAINST SCHEDULED CASTES /TRIBES BY NON SCs/STs 
",Murder,,67.0,10.0,4.0,4.0,July
686,"    E. CRIME AGAINST SCHEDULED CASTES /TRIBES BY NON SCs/STs 
",Rape,,228.0,33.0,21.0,19.0,July
687,"    E. CRIME AGAINST SCHEDULED CASTES /TRIBES BY NON SCs/STs 
",Kidnapping,,30.0,2.0,4.0,1.0,July
688,"    E. CRIME AGAINST SCHEDULED CASTES /TRIBES BY NON SCs/STs 
",Offences under the Protection of Civil Rights Act.,,0.0,1.0,0.0,0.0,July
689,"    E. CRIME AGAINST SCHEDULED CASTES /TRIBES BY NON SCs/STs 
",Offences under the SC & ST  (prevention of Atrocities)Act 1989 (if the victim is SC),,1338.0,197.0,155.0,157.0,July
