Sl.NO.,Heads of Crime ,Major heads,Minor Heads,During the current year upto the end of month under review,During the corresponding month of previous year,During the previous month,During the current month,,,,,,,
1,A - IPC Crime,Murder (Sec.302/303 IPC),For gain,15,3,3,5,,,,,,,
2,A - IPC Crime,Murder (Sec.302/303 IPC),Over Property Dispute,13,4,4,1,,,,,,,
3,A - IPC Crime,Murder (Sec.302/303 IPC),Due to Personal Vendetta or enemity,10,3,3,3,,,,,,,
4,A - IPC Crime,Murder (Sec.302/303 IPC),Due to Sexual jealousy,4,2,1,2,,,,,,,
5,A - IPC Crime,Murder (Sec.302/303 IPC),For dowry by burning,0,0,0,0,,,,,,,
6,A - IPC Crime,Murder (Sec.302/303 IPC),For dowry by other means,3,2,3,0,,,,,,,
7,A - IPC Crime,Murder (Sec.302/303 IPC),Due to Communalism,0,0,0,0,,,,,,,
8,A - IPC Crime,Murder (Sec.302/303 IPC),Due to Casteism,0,0,0,0,,,,,,,
9,A - IPC Crime,Murder (Sec.302/303 IPC),Witch Craft (Sorcery),0,0,0,0,,,,,,,
10,A - IPC Crime,Murder (Sec.302/303 IPC),For Human Sacrifice,2,0,0,0,,,,,,,
11,A - IPC Crime,Murder (Sec.302/303 IPC),Due to Terrorism/Naxalism / Extremism,0,0,0,0,,,,,,,
12,A - IPC Crime,Murder (Sec.302/303 IPC),For Political Reasons,0,0,0,0,,,,,,,
13,A - IPC Crime,Murder (Sec.302/303 IPC),Due to Adultery,11,2,2,3,,,,,,,
14,A - IPC Crime,Murder (Sec.302/303 IPC),Civil Disputes,26,8,2,9,,,,,,,
15,A - IPC Crime,Murder (Sec.302/303 IPC),Electoral Gain,0,0,0,0,,,,,,,
16,A - IPC Crime,Murder (Sec.302/303 IPC),Gang Rivalry,1,0,0,0,,,,,,,
17,A - IPC Crime,Murder (Sec.302/303 IPC),Love Intrigue,8,0,2,1,,,,,,,
18,A - IPC Crime,Murder (Sec.302/303 IPC),Professional ,0,0,0,0,,,,,,,
19,A - IPC Crime,Murder (Sec.302/303 IPC),Psychopathic/Serial Killer/Lunacy,0,0,0,0,,,,,,,
20,A - IPC Crime,Murder (Sec.302/303 IPC),Rape with Murder,5,3,1,1,,,,,,,
21,A - IPC Crime,Murder (Sec.302/303 IPC),Revenge/Enemity,23,3,2,8,,,,,,,
22,A - IPC Crime,Murder (Sec.302/303 IPC),Sudden Quarrel,38,4,8,9,,,,,,,
23,A - IPC Crime,Murder (Sec.302/303 IPC),Village Dispute,0,0,0,0,,,,,,,
24,A - IPC Crime,Murder (Sec.302/303 IPC),Custodial,0,0,0,0,,,,,,,
25,A - IPC Crime,Murder (Sec.302/303 IPC),Due to Other Causes,383,76,94,71,,,,,,,
26,A - IPC Crime,ATTEMPT TO MURDER (Sec. 307 IPC),For Gain ,8,4,1,3,,,,,,,
27,A - IPC Crime,ATTEMPT TO MURDER (Sec. 307 IPC),Over Property Dispute,29,4,3,7,,,,,,,
28,A - IPC Crime,ATTEMPT TO MURDER (Sec. 307 IPC),Due to Personal Vendetta or enemity,43,6,12,14,,,,,,,
29,A - IPC Crime,ATTEMPT TO MURDER (Sec. 307 IPC),Due to Sexual jealousy,10,2,1,2,,,,,,,
30,A - IPC Crime,ATTEMPT TO MURDER (Sec. 307 IPC),For Dowry other Means,17,5,1,5,,,,,,,
31,A - IPC Crime,ATTEMPT TO MURDER (Sec. 307 IPC),Dowry By Burning,1,0,0,0,,,,,,,
32,A - IPC Crime,ATTEMPT TO MURDER (Sec. 307 IPC),Due to Communalism,3,0,0,3,,,,,,,
33,A - IPC Crime,ATTEMPT TO MURDER (Sec. 307 IPC),Due to Casteism,2,1,0,0,,,,,,,
34,A - IPC Crime,ATTEMPT TO MURDER (Sec. 307 IPC),Witch Craft (Sorcery),0,0,0,0,,,,,,,
35,A - IPC Crime,ATTEMPT TO MURDER (Sec. 307 IPC),For Human Sacrifice,0,0,0,0,,,,,,,
36,A - IPC Crime,ATTEMPT TO MURDER (Sec. 307 IPC),Terrorism /Naxalism / Extremism,0,0,0,0,,,,,,,
37,A - IPC Crime,ATTEMPT TO MURDER (Sec. 307 IPC),For Political Reasons,8,12,4,2,,,,,,,
38,A - IPC Crime,ATTEMPT TO MURDER (Sec. 307 IPC),Adultery,8,3,2,2,,,,,,,
39,A - IPC Crime,ATTEMPT TO MURDER (Sec. 307 IPC),Electoral Gain,0,0,0,0,,,,,,,
40,A - IPC Crime,ATTEMPT TO MURDER (Sec. 307 IPC),Gang Rivalry,0,0,0,0,,,,,,,
41,A - IPC Crime,ATTEMPT TO MURDER (Sec. 307 IPC),Love Intrigue,9,3,1,3,,,,,,,
42,A - IPC Crime,ATTEMPT TO MURDER (Sec. 307 IPC),Professional ,1,0,0,0,,,,,,,
43,A - IPC Crime,ATTEMPT TO MURDER (Sec. 307 IPC),Rape,0,0,0,0,,,,,,,
44,A - IPC Crime,ATTEMPT TO MURDER (Sec. 307 IPC),Revenge/Enemity,111,13,23,21,,,,,,,
45,A - IPC Crime,ATTEMPT TO MURDER (Sec. 307 IPC),Sudden Quarrel,134,17,23,37,,,,,,,
46,A - IPC Crime,ATTEMPT TO MURDER (Sec. 307 IPC),Village Dispute,2,0,0,0,,,,,,,
47,A - IPC Crime,ATTEMPT TO MURDER (Sec. 307 IPC),Due to Other Causes,803,134,181,199,,,,,,,
48,A - IPC Crime,ATTEMPT TO MURDER (Sec. 307 IPC),Civil Disputes,117,16,22,26,,,,,,,
49,A - IPC Crime,CULPABLE HOMICIDE NOT AMOUNTING TO MUDER (Sec.304 IPC),For Gain,0,0,0,0,,,,,,,
50,A - IPC Crime,CULPABLE HOMICIDE NOT AMOUNTING TO MUDER (Sec.304 IPC),Over Civil Dispute,0,0,0,0,,,,,,,
51,A - IPC Crime,CULPABLE HOMICIDE NOT AMOUNTING TO MUDER (Sec.304 IPC),Due to Personal Vendetta or enemity,0,0,0,0,,,,,,,
52,A - IPC Crime,CULPABLE HOMICIDE NOT AMOUNTING TO MUDER (Sec.304 IPC),Due to Sexual jealousy,0,0,0,0,,,,,,,
53,A - IPC Crime,CULPABLE HOMICIDE NOT AMOUNTING TO MUDER (Sec.304 IPC),For Dowry,0,1,0,0,,,,,,,
54,A - IPC Crime,CULPABLE HOMICIDE NOT AMOUNTING TO MUDER (Sec.304 IPC),Due to Communalism,0,0,0,0,,,,,,,
55,A - IPC Crime,CULPABLE HOMICIDE NOT AMOUNTING TO MUDER (Sec.304 IPC),Due to Casteism,0,0,0,0,,,,,,,
56,A - IPC Crime,CULPABLE HOMICIDE NOT AMOUNTING TO MUDER (Sec.304 IPC),Witch Craft (Sorcery),0,0,0,0,,,,,,,
57,A - IPC Crime,CULPABLE HOMICIDE NOT AMOUNTING TO MUDER (Sec.304 IPC),For Human Sacrifice,1,0,0,0,,,,,,,
58,A - IPC Crime,CULPABLE HOMICIDE NOT AMOUNTING TO MUDER (Sec.304 IPC),Terrorism /Naxalism / Extremism,0,0,0,0,,,,,,,
59,A - IPC Crime,CULPABLE HOMICIDE NOT AMOUNTING TO MUDER (Sec.304 IPC),For Political Reasons,0,0,0,0,,,,,,,
60,A - IPC Crime,CULPABLE HOMICIDE NOT AMOUNTING TO MUDER (Sec.304 IPC),Adultery,0,0,0,0,,,,,,,
61,A - IPC Crime,CULPABLE HOMICIDE NOT AMOUNTING TO MUDER (Sec.304 IPC),Property Disputes,1,0,0,1,,,,,,,
62,A - IPC Crime,CULPABLE HOMICIDE NOT AMOUNTING TO MUDER (Sec.304 IPC),Electoral Gain,0,0,0,0,,,,,,,
63,A - IPC Crime,CULPABLE HOMICIDE NOT AMOUNTING TO MUDER (Sec.304 IPC),Gang Rivalry,0,0,0,0,,,,,,,
64,A - IPC Crime,CULPABLE HOMICIDE NOT AMOUNTING TO MUDER (Sec.304 IPC),Love Intrigue,0,0,0,0,,,,,,,
65,A - IPC Crime,CULPABLE HOMICIDE NOT AMOUNTING TO MUDER (Sec.304 IPC),Professional ,0,0,0,0,,,,,,,
66,A - IPC Crime,CULPABLE HOMICIDE NOT AMOUNTING TO MUDER (Sec.304 IPC),Sudden Quarrel,9,0,0,2,,,,,,,
67,A - IPC Crime,CULPABLE HOMICIDE NOT AMOUNTING TO MUDER (Sec.304 IPC),Due to Other Causes,42,2,9,6,,,,,,,
68,A - IPC Crime,ATTEMPT TO CULPABLE HOMICIDE NOT AMOUNTING TO MURDER (Sec. 308 IPC),For Gain,0,0,0,0,,,,,,,
69,A - IPC Crime,ATTEMPT TO CULPABLE HOMICIDE NOT AMOUNTING TO MURDER (Sec. 308 IPC),Over Civil Dispute,3,0,0,2,,,,,,,
70,A - IPC Crime,ATTEMPT TO CULPABLE HOMICIDE NOT AMOUNTING TO MURDER (Sec. 308 IPC),Due to Personal Vendetta or enemity,0,0,0,0,,,,,,,
71,A - IPC Crime,ATTEMPT TO CULPABLE HOMICIDE NOT AMOUNTING TO MURDER (Sec. 308 IPC),Due to Sexual jealousy,0,0,0,0,,,,,,,
72,A - IPC Crime,ATTEMPT TO CULPABLE HOMICIDE NOT AMOUNTING TO MURDER (Sec. 308 IPC),For Dowry,0,0,0,0,,,,,,,
73,A - IPC Crime,ATTEMPT TO CULPABLE HOMICIDE NOT AMOUNTING TO MURDER (Sec. 308 IPC),Due to Communalism,0,0,0,0,,,,,,,
74,A - IPC Crime,ATTEMPT TO CULPABLE HOMICIDE NOT AMOUNTING TO MURDER (Sec. 308 IPC),Due to Casteism,0,0,0,0,,,,,,,
75,A - IPC Crime,ATTEMPT TO CULPABLE HOMICIDE NOT AMOUNTING TO MURDER (Sec. 308 IPC),Witch Craft (Sorcery),0,0,0,0,,,,,,,
76,A - IPC Crime,ATTEMPT TO CULPABLE HOMICIDE NOT AMOUNTING TO MURDER (Sec. 308 IPC),For Human Sacrifice,0,0,0,0,,,,,,,
77,A - IPC Crime,ATTEMPT TO CULPABLE HOMICIDE NOT AMOUNTING TO MURDER (Sec. 308 IPC),Terrorism /Naxalism / Extremism,0,0,0,0,,,,,,,
78,A - IPC Crime,ATTEMPT TO CULPABLE HOMICIDE NOT AMOUNTING TO MURDER (Sec. 308 IPC),For Political Reasons,1,3,1,0,,,,,,,
79,A - IPC Crime,ATTEMPT TO CULPABLE HOMICIDE NOT AMOUNTING TO MURDER (Sec. 308 IPC),Due to Other Causes,24,1,7,6,,,,,,,
80,A - IPC Crime,ATTEMPT TO CULPABLE HOMICIDE NOT AMOUNTING TO MURDER (Sec. 308 IPC),Adultery,0,0,0,0,,,,,,,
81,A - IPC Crime,ATTEMPT TO CULPABLE HOMICIDE NOT AMOUNTING TO MURDER (Sec. 308 IPC),Property Disputes,1,0,0,1,,,,,,,
82,A - IPC Crime,ATTEMPT TO CULPABLE HOMICIDE NOT AMOUNTING TO MURDER (Sec. 308 IPC),Electoral Gain,0,0,0,0,,,,,,,
83,A - IPC Crime,ATTEMPT TO CULPABLE HOMICIDE NOT AMOUNTING TO MURDER (Sec. 308 IPC),Gang Rivalry,0,0,0,0,,,,,,,
84,A - IPC Crime,ATTEMPT TO CULPABLE HOMICIDE NOT AMOUNTING TO MURDER (Sec. 308 IPC),Love Intrigue,0,0,0,0,,,,,,,
85,A - IPC Crime,ATTEMPT TO CULPABLE HOMICIDE NOT AMOUNTING TO MURDER (Sec. 308 IPC),Professional ,1,0,1,0,,,,,,,
86,A - IPC Crime,ATTEMPT TO CULPABLE HOMICIDE NOT AMOUNTING TO MURDER (Sec. 308 IPC),Sudden Quarrel,5,0,1,2,,,,,,,
87,A - IPC Crime,"RAPE (Sec.376, 376(A) to 376 (D) IPC)",Custodial Rape,1,0,0,0,,,,,,,
88,A - IPC Crime,"RAPE (Sec.376, 376(A) to 376 (D) IPC)",Attempt to Commit,4,1,1,1,,,,,,,
89,A - IPC Crime,"RAPE (Sec.376, 376(A) to 376 (D) IPC)",By a Gang,8,0,1,2,,,,,,,
90,A - IPC Crime,"RAPE (Sec.376, 376(A) to 376 (D) IPC)",By Parents,0,0,0,0,,,,,,,
91,A - IPC Crime,"RAPE (Sec.376, 376(A) to 376 (D) IPC)",By Hospital Staff,1,0,0,1,,,,,,,
92,A - IPC Crime,"RAPE (Sec.376, 376(A) to 376 (D) IPC)",By Husband During Sepearation,1,1,0,1,,,,,,,
93,A - IPC Crime,"RAPE (Sec.376, 376(A) to 376 (D) IPC)",By Neighbours,23,1,6,5,,,,,,,
94,A - IPC Crime,"RAPE (Sec.376, 376(A) to 376 (D) IPC)",By Relatives,20,5,3,2,,,,,,,
95,A - IPC Crime,"RAPE (Sec.376, 376(A) to 376 (D) IPC)",In Jail Custody,0,0,0,0,,,,,,,
96,A - IPC Crime,"RAPE (Sec.376, 376(A) to 376 (D) IPC)",In Remand Home,0,0,0,0,,,,,,,
97,A - IPC Crime,"RAPE (Sec.376, 376(A) to 376 (D) IPC)",InCest,0,0,0,0,,,,,,,
98,A - IPC Crime,"RAPE (Sec.376, 376(A) to 376 (D) IPC)",Known Person,164,26,31,53,,,,,,,
99,A - IPC Crime,"RAPE (Sec.376, 376(A) to 376 (D) IPC)",Unknown Person,3,2,0,1,,,,,,,
100,A - IPC Crime,"RAPE (Sec.376, 376(A) to 376 (D) IPC)",Due to Other Causes,54,13,9,14,,,,,,,
101,A - IPC Crime,"RAPE (Sec.376, 376(A) to 376 (D) IPC)",On Minor,0,0,0,0,,,,,,,
102,A - IPC Crime,"KIDNAPPING AND ABDUCTION (Sec.360, 361, 363 to 369 IPC)",Missing - Boy,374,69,58,66,,,,,,,
103,A - IPC Crime,"KIDNAPPING AND ABDUCTION (Sec.360, 361, 363 to 369 IPC)",Missing - Girl,1194,184,217,331,,,,,,,
104,A - IPC Crime,"KIDNAPPING AND ABDUCTION (Sec.360, 361, 363 to 369 IPC)",For Ransom - of Children,4,0,1,0,,,,,,,
105,A - IPC Crime,"KIDNAPPING AND ABDUCTION (Sec.360, 361, 363 to 369 IPC)",For Ransom - of Cildren for Begging,0,0,0,0,,,,,,,
106,A - IPC Crime,"KIDNAPPING AND ABDUCTION (Sec.360, 361, 363 to 369 IPC)",For Ransom - of Women,2,0,1,0,,,,,,,
107,A - IPC Crime,"KIDNAPPING AND ABDUCTION (Sec.360, 361, 363 to 369 IPC)",For Ransom - of Girls for Immoral Purpose,0,1,0,0,,,,,,,
108,A - IPC Crime,"KIDNAPPING AND ABDUCTION (Sec.360, 361, 363 to 369 IPC)",For Ransom - of  Others,32,5,5,6,,,,,,,
109,A - IPC Crime,"KIDNAPPING AND ABDUCTION (Sec.360, 361, 363 to 369 IPC)",Procuration of Minor Girls - For Prostitution,0,0,0,0,,,,,,,
110,A - IPC Crime,"KIDNAPPING AND ABDUCTION (Sec.360, 361, 363 to 369 IPC)",Procuration of Minor Girls - Importring of Girl,1,0,0,1,,,,,,,
111,A - IPC Crime,"KIDNAPPING AND ABDUCTION (Sec.360, 361, 363 to 369 IPC)",Procuration of Minor Girls - For other Purpose,11,1,4,2,,,,,,,
112,A - IPC Crime,"KIDNAPPING AND ABDUCTION (Sec.360, 361, 363 to 369 IPC)",Espionage,0,0,0,0,,,,,,,
113,A - IPC Crime,"KIDNAPPING AND ABDUCTION (Sec.360, 361, 363 to 369 IPC)",Intent to Steal From Child,0,0,0,0,,,,,,,
114,A - IPC Crime,"KIDNAPPING AND ABDUCTION (Sec.360, 361, 363 to 369 IPC)",Murder (Homicide),0,0,0,0,,,,,,,
115,A - IPC Crime,"KIDNAPPING AND ABDUCTION (Sec.360, 361, 363 to 369 IPC)",Obtain Signature Forcibly,0,0,0,0,,,,,,,
116,A - IPC Crime,"KIDNAPPING AND ABDUCTION (Sec.360, 361, 363 to 369 IPC)",Recovering Loan,2,0,0,1,,,,,,,
117,A - IPC Crime,"KIDNAPPING AND ABDUCTION (Sec.360, 361, 363 to 369 IPC)",Settling any Disputes,4,2,0,0,,,,,,,
118,A - IPC Crime,"KIDNAPPING AND ABDUCTION (Sec.360, 361, 363 to 369 IPC)",Unnatural Lust / Illicit Intercourse,0,0,0,0,,,,,,,
119,A - IPC Crime,"KIDNAPPING AND ABDUCTION (Sec.360, 361, 363 to 369 IPC)",Wrongful Confinement,8,0,1,1,,,,,,,
120,A - IPC Crime,"KIDNAPPING AND ABDUCTION (Sec.360, 361, 363 to 369 IPC)",For Exporting,0,0,0,0,,,,,,,
121,A - IPC Crime,"KIDNAPPING AND ABDUCTION (Sec.360, 361, 363 to 369 IPC)",From Lawful Guardianship,0,0,0,0,,,,,,,
122,A - IPC Crime,"KIDNAPPING AND ABDUCTION (Sec.360, 361, 363 to 369 IPC)",For Camel Racing Etc.,0,0,0,0,,,,,,,
123,A - IPC Crime,"KIDNAPPING AND ABDUCTION (Sec.360, 361, 363 to 369 IPC)",To Compel For Marriage,4,4,2,1,,,,,,,
124,A - IPC Crime,"KIDNAPPING AND ABDUCTION (Sec.360, 361, 363 to 369 IPC)",For Slavery,0,0,0,0,,,,,,,
125,A - IPC Crime,"KIDNAPPING AND ABDUCTION (Sec.360, 361, 363 to 369 IPC)",For Stealing From its Person,0,0,0,0,,,,,,,
126,A - IPC Crime,"KIDNAPPING AND ABDUCTION (Sec.360, 361, 363 to 369 IPC)",Others,216,47,52,57,,,,,,,
127,A - IPC Crime,DACOITY (Sec. 395 to 398 IPC ),At ATM,0,0,0,0,,,,,,,
128,A - IPC Crime,DACOITY (Sec. 395 to 398 IPC ),At Residential Premises,20,5,4,2,,,,,,,
129,A - IPC Crime,DACOITY (Sec. 395 to 398 IPC ),On Highways,8,0,3,0,,,,,,,
130,A - IPC Crime,DACOITY (Sec. 395 to 398 IPC ),In Trains,0,0,0,0,,,,,,,
131,A - IPC Crime,DACOITY (Sec. 395 to 398 IPC ),At Banks,0,0,0,0,,,,,,,
132,A - IPC Crime,DACOITY (Sec. 395 to 398 IPC ),At Commercial Places / Establishments,7,1,0,2,,,,,,,
133,A - IPC Crime,DACOITY (Sec. 395 to 398 IPC ),On Other Roads,11,3,1,1,,,,,,,
134,A - IPC Crime,DACOITY (Sec. 395 to 398 IPC ),In Other Places,30,3,6,3,,,,,,,
135,A - IPC Crime,DACOITY (Sec. 395 to 398 IPC ),River & Sea,1,0,0,0,,,,,,,
136,A - IPC Crime,DACOITY (Sec. 395 to 398 IPC ),Preparation And Assembly for Dacoity,50,9,4,13,,,,,,,
137,A - IPC Crime,Robbery (Sec.392 to 394 IPC),At ATM,0,0,0,0,,,,,,,
138,A - IPC Crime,Robbery (Sec.392 to 394 IPC),At Residential Premises,78,16,19,15,,,,,,,
139,A - IPC Crime,Robbery (Sec.392 to 394 IPC),On Highways,54,6,4,18,,,,,,,
140,A - IPC Crime,Robbery (Sec.392 to 394 IPC),In Trains,3,0,0,1,,,,,,,
141,A - IPC Crime,Robbery (Sec.392 to 394 IPC),At Banks,0,0,0,0,,,,,,,
142,A - IPC Crime,Robbery (Sec.392 to 394 IPC),At Commercial Places / Establishments,30,7,5,6,,,,,,,
143,A - IPC Crime,Robbery (Sec.392 to 394 IPC),In Other Places,383,55,65,79,,,,,,,
144,A - IPC Crime,Robbery (Sec.392 to 394 IPC),Chain Snatching,292,58,52,58,,,,,,,
145,A - IPC Crime,Robbery (Sec.392 to 394 IPC),Attempt to Commit,23,5,5,5,,,,,,,
146,A - IPC Crime,"BURGLARY - NIGHT (Sec. 380 IPC R/W 453 TO 460, 462 IPC)",At Residential Premises,1121,266,209,253,,,,,,,
147,A - IPC Crime,"BURGLARY - NIGHT (Sec. 380 IPC R/W 453 TO 460, 462 IPC)",On Highways,0,0,0,0,,,,,,,
148,A - IPC Crime,"BURGLARY - NIGHT (Sec. 380 IPC R/W 453 TO 460, 462 IPC)",In Trains,0,0,0,0,,,,,,,
149,A - IPC Crime,"BURGLARY - NIGHT (Sec. 380 IPC R/W 453 TO 460, 462 IPC)",At Banks,17,3,2,1,,,,,,,
150,A - IPC Crime,"BURGLARY - NIGHT (Sec. 380 IPC R/W 453 TO 460, 462 IPC)",At Commercial Places / Establishments,307,56,49,63,,,,,,,
151,A - IPC Crime,"BURGLARY - NIGHT (Sec. 380 IPC R/W 453 TO 460, 462 IPC)",In Other Places,223,45,36,49,,,,,,,
152,A - IPC Crime,"BURGLARY - NIGHT (Sec. 380 IPC R/W 453 TO 460, 462 IPC)",Temple Theft,128,26,22,25,,,,,,,
153,A - IPC Crime,"BURGLARY - DAY (Sec. 380 IPC R/W 453 TO 460, 462 IPC)",At Residential Premises,389,74,62,81,,,,,,,
154,A - IPC Crime,"BURGLARY - DAY (Sec. 380 IPC R/W 453 TO 460, 462 IPC)",On Highways,0,0,0,0,,,,,,,
155,A - IPC Crime,"BURGLARY - DAY (Sec. 380 IPC R/W 453 TO 460, 462 IPC)",In Trains,1,0,0,0,,,,,,,
156,A - IPC Crime,"BURGLARY - DAY (Sec. 380 IPC R/W 453 TO 460, 462 IPC)",At Banks,2,0,0,2,,,,,,,
157,A - IPC Crime,"BURGLARY - DAY (Sec. 380 IPC R/W 453 TO 460, 462 IPC)",At Commercial Places / Establishments,24,1,3,9,,,,,,,
158,A - IPC Crime,"BURGLARY - DAY (Sec. 380 IPC R/W 453 TO 460, 462 IPC)",In Other Places,31,5,8,7,,,,,,,
159,A - IPC Crime,"BURGLARY - DAY (Sec. 380 IPC R/W 453 TO 460, 462 IPC)",Temple Theft,12,2,3,4,,,,,,,
160,A - IPC Crime,THEFT (Sec.379 to 389 IPC),Of Sand,660,86,110,134,,,,,,,
161,A - IPC Crime,THEFT (Sec.379 to 389 IPC),Attempt to commit,20,2,3,3,,,,,,,
162,A - IPC Crime,THEFT (Sec.379 to 389 IPC),Of Automobiles - Of Tractors,37,10,6,5,,,,,,,
163,A - IPC Crime,THEFT (Sec.379 to 389 IPC),At ATM,3,0,0,1,,,,,,,
164,A - IPC Crime,THEFT (Sec.379 to 389 IPC),Communication And Elec. Wire,96,12,14,27,,,,,,,
165,A - IPC Crime,THEFT (Sec.379 to 389 IPC),Of Cattle,189,25,31,41,,,,,,,
166,A - IPC Crime,THEFT (Sec.379 to 389 IPC),Of Cycle,56,2,18,11,,,,,,,
167,A - IPC Crime,THEFT (Sec.379 to 389 IPC),Of Automobiles - Of Lorries/Trucks,38,7,4,11,,,,,,,
168,A - IPC Crime,THEFT (Sec.379 to 389 IPC),Of Automobiles - Of Buses,3,0,0,0,,,,,,,
169,A - IPC Crime,THEFT (Sec.379 to 389 IPC),Of Automobiles - Of Cars / Jeeps,103,16,11,12,,,,,,,
170,A - IPC Crime,THEFT (Sec.379 to 389 IPC),Of Automobiles - Of Two Wheelers ,4796,886,834,1060,,,,,,,
171,A - IPC Crime,THEFT (Sec.379 to 389 IPC),Of Automobies - of Three Wheelers,115,13,13,32,,,,,,,
172,A - IPC Crime,THEFT (Sec.379 to 389 IPC),Of Accessories of Motor Vehicle,136,9,30,24,,,,,,,
173,A - IPC Crime,THEFT (Sec.379 to 389 IPC),Govt. Vehicle,2,0,1,1,,,,,,,
174,A - IPC Crime,THEFT (Sec.379 to 389 IPC),"Electronic Goods (Radio, TV, VCR, Acs, Office Automation Equipments)",623,119,109,139,,,,,,,
175,A - IPC Crime,THEFT (Sec.379 to 389 IPC),Of Fire Arms,2,0,1,0,,,,,,,
176,A - IPC Crime,THEFT (Sec.379 to 389 IPC),Of Explosives,0,0,0,0,,,,,,,
177,A - IPC Crime,THEFT (Sec.379 to 389 IPC),Of Cultural - Idols,4,0,0,0,,,,,,,
178,A - IPC Crime,THEFT (Sec.379 to 389 IPC),Of Cultural - Painting,1,0,0,0,,,,,,,
179,A - IPC Crime,THEFT (Sec.379 to 389 IPC),Of Cultrual - Others,118,14,24,20,,,,,,,
180,A - IPC Crime,THEFT (Sec.379 to 389 IPC),Cash,260,68,42,61,,,,,,,
181,A - IPC Crime,THEFT (Sec.379 to 389 IPC),Jewellery,756,107,169,149,,,,,,,
182,A - IPC Crime,THEFT (Sec.379 to 389 IPC),Other Items Not Included Above,812,98,117,155,,,,,,,
183,A - IPC Crime,THEFT (Sec.379 to 389 IPC),In Running Train,17,5,4,1,,,,,,,
184,A - IPC Crime,THEFT (Sec.379 to 389 IPC),Extortion,109,15,21,18,,,,,,,
185,A - IPC Crime,THEFT (Sec.379 to 389 IPC),House Theft,791,196,169,173,,,,,,,
186,A - IPC Crime,THEFT (Sec.379 to 389 IPC),Servant Theft,213,27,32,50,,,,,,,
187,A - IPC Crime,RIOTS (Sec.141 to 153 IPC),Land Dispute,444,88,70,118,,,,,,,
188,A - IPC Crime,RIOTS (Sec.141 to 153 IPC),Employee - Govt.,0,1,0,0,,,,,,,
189,A - IPC Crime,RIOTS (Sec.141 to 153 IPC),Labour - Private Sector,1,0,0,0,,,,,,,
190,A - IPC Crime,RIOTS (Sec.141 to 153 IPC),Labour - Public Sector,1,0,0,0,,,,,,,
191,A - IPC Crime,RIOTS (Sec.141 to 153 IPC),Linguistic,2,0,0,1,,,,,,,
192,A - IPC Crime,RIOTS (Sec.141 to 153 IPC),Political ,9,37,2,5,,,,,,,
193,A - IPC Crime,RIOTS (Sec.141 to 153 IPC),Regional,4,1,2,0,,,,,,,
194,A - IPC Crime,RIOTS (Sec.141 to 153 IPC),Sectarian,0,0,0,0,,,,,,,
195,A - IPC Crime,RIOTS (Sec.141 to 153 IPC),Students,4,0,0,0,,,,,,,
196,A - IPC Crime,RIOTS (Sec.141 to 153 IPC),Tribal,0,0,0,0,,,,,,,
197,A - IPC Crime,RIOTS (Sec.141 to 153 IPC),Due to Village Disputes,17,5,6,2,,,,,,,
198,A - IPC Crime,RIOTS (Sec.141 to 153 IPC),Communal,1,0,0,1,,,,,,,
199,A - IPC Crime,RIOTS (Sec.141 to 153 IPC),Industrial,3,0,0,0,,,,,,,
200,A - IPC Crime,RIOTS (Sec.141 to 153 IPC),Caste,5,0,1,3,,,,,,,
201,A - IPC Crime,RIOTS (Sec.141 to 153 IPC),Agrarian,1,0,1,0,,,,,,,
202,A - IPC Crime,RIOTS (Sec.141 to 153 IPC),Others,1171,249,264,267,,,,,,,
203,A - IPC Crime,"OFFENCES AGAINST STATE (Sec. 121 to 130, except 124(A) IPC)",NA,0,0,0,0,,,,,,,
204,A - IPC Crime,"OFFENCES PROMOTING ENEMITY (Sec. 153(A), 154(B) & 505 IPC",NA,50,17,7,5,,,,,,,
205,A - IPC Crime,CRIMINAL BREACH OF TRUST,NA,223,25,34,33,,,,,,,
206,A - IPC Crime,CHEATING (Sec.417 to 420 IPC),NA,2790,339,421,548,,,,,,,
207,A - IPC Crime,"COUNTERFEITING (Sec. 231 to 263 (A), 489(A) to 489 (E) IPC )","Stock Share, Debentrue Certificate",0,0,0,0,,,,,,,
208,A - IPC Crime,"COUNTERFEITING (Sec. 231 to 263 (A), 489(A) to 489 (E) IPC )",Usage of Counterfeit Stamp,0,0,0,0,,,,,,,
209,A - IPC Crime,"COUNTERFEITING (Sec. 231 to 263 (A), 489(A) to 489 (E) IPC )",Of Coins (Sec 231 to 254 IPC),0,0,0,0,,,,,,,
210,A - IPC Crime,"COUNTERFEITING (Sec. 231 to 263 (A), 489(A) to 489 (E) IPC )",Of Stamps (Sec.255 to 263(A) IPC),0,0,0,0,,,,,,,
211,A - IPC Crime,"COUNTERFEITING (Sec. 231 to 263 (A), 489(A) to 489 (E) IPC )",Of Currency Notes And Bank Notes (Sec. 489 (A) to 489 (E) IPC),16,5,4,2,,,,,,,
212,A - IPC Crime,"COUNTERFEITING (Sec. 231 to 263 (A), 489(A) to 489 (E) IPC )",Of Others,2,0,0,1,,,,,,,
213,A - IPC Crime,"FORGERY (Sec. 465, 468, 471, 473, 476, 477 & 477(A) IPC",Forgery  ,151,35,24,21,,,,,,,
214,A - IPC Crime,"FORGERY (Sec. 465, 468, 471, 473, 476, 477 & 477(A) IPC",Organised (Racket),1,0,0,0,,,,,,,
215,A - IPC Crime,"FORGERY (Sec. 465, 468, 471, 473, 476, 477 & 477(A) IPC",Forgery of Passport,0,0,0,0,,,,,,,
216,A - IPC Crime,"FORGERY (Sec. 465, 468, 471, 473, 476, 477 & 477(A) IPC",Other Forgery,61,13,12,12,,,,,,,
217,A - IPC Crime,"CASES OF HURT (Sec. 323 to 335 IPC except 328, 332, 333)",Acid Attack (326(a)),1,0,0,0,,,,,,,
218,A - IPC Crime,"CASES OF HURT (Sec. 323 to 335 IPC except 328, 332, 333)",Attempt to Acid Attack (326(b)),5,0,0,0,,,,,,,
219,A - IPC Crime,"CASES OF HURT (Sec. 323 to 335 IPC except 328, 332, 333)",Grievous Hurt,535,155,102,118,,,,,,,
220,A - IPC Crime,"CASES OF HURT (Sec. 323 to 335 IPC except 328, 332, 333)",Simple Hurt,7362,1359,1511,1708,,,,,,,
221,A - IPC Crime,"CASES OF HURT (Sec. 323 to 335 IPC except 328, 332, 333)",Custodial,1,0,0,0,,,,,,,
222,A - IPC Crime,"ADULTERATION (Sec. 272, 273 to 276 IPC)",Attempt to Commit,0,0,0,0,,,,,,,
223,A - IPC Crime,"ADULTERATION (Sec. 272, 273 to 276 IPC)",Alcoholic Drink (Liquor),1,0,0,1,,,,,,,
224,A - IPC Crime,"ADULTERATION (Sec. 272, 273 to 276 IPC)",Cement & Chemical/Fertiliser,0,0,0,0,,,,,,,
225,A - IPC Crime,"ADULTERATION (Sec. 272, 273 to 276 IPC)",Cosmetics,0,0,0,0,,,,,,,
226,A - IPC Crime,"ADULTERATION (Sec. 272, 273 to 276 IPC)",Diesel,0,0,0,0,,,,,,,
227,A - IPC Crime,"ADULTERATION (Sec. 272, 273 to 276 IPC)",Drug/Medicine,0,0,0,0,,,,,,,
228,A - IPC Crime,"ADULTERATION (Sec. 272, 273 to 276 IPC)",Edible Oil,0,0,0,0,,,,,,,
229,A - IPC Crime,"ADULTERATION (Sec. 272, 273 to 276 IPC)",Food Grain,0,0,0,0,,,,,,,
230,A - IPC Crime,"ADULTERATION (Sec. 272, 273 to 276 IPC)",Kerosene,0,0,0,0,,,,,,,
231,A - IPC Crime,"ADULTERATION (Sec. 272, 273 to 276 IPC)",Life Saving Drug,0,0,0,0,,,,,,,
232,A - IPC Crime,"ADULTERATION (Sec. 272, 273 to 276 IPC)",Mobile Oil,0,0,0,0,,,,,,,
233,A - IPC Crime,"ADULTERATION (Sec. 272, 273 to 276 IPC)",Petrol,0,0,0,0,,,,,,,
234,A - IPC Crime,"ADULTERATION (Sec. 272, 273 to 276 IPC)",Petroleum Product,0,0,0,0,,,,,,,
235,A - IPC Crime,"ADULTERATION (Sec. 272, 273 to 276 IPC)",Soft Drinks,0,0,0,0,,,,,,,
236,A - IPC Crime,"ADULTERATION (Sec. 272, 273 to 276 IPC)",Spices,1,0,0,0,,,,,,,
237,A - IPC Crime,"ADULTERATION (Sec. 272, 273 to 276 IPC)",Others,2,0,2,0,,,,,,,
238,A - IPC Crime,AFFRAY (Sec. 160 IPC ),NA,220,55,43,51,,,,,,,
239,A - IPC Crime,"ARSON (Sec. 435, 436, 438 IPC )",Agricultural Produce,39,1,6,5,,,,,,,
240,A - IPC Crime,"ARSON (Sec. 435, 436, 438 IPC )",Attemp to Commit,0,0,0,0,,,,,,,
241,A - IPC Crime,"ARSON (Sec. 435, 436, 438 IPC )",Boat / Ship,0,0,0,0,,,,,,,
242,A - IPC Crime,"ARSON (Sec. 435, 436, 438 IPC )",Dwelling House,8,4,1,0,,,,,,,
243,A - IPC Crime,"ARSON (Sec. 435, 436, 438 IPC )",Educational Institution,1,0,0,0,,,,,,,
244,A - IPC Crime,"ARSON (Sec. 435, 436, 438 IPC )",Govt. Property,6,0,1,0,,,,,,,
245,A - IPC Crime,"ARSON (Sec. 435, 436, 438 IPC )",Industrial Establishment,0,0,0,0,,,,,,,
246,A - IPC Crime,"ARSON (Sec. 435, 436, 438 IPC )",Place of worship,0,0,0,0,,,,,,,
247,A - IPC Crime,"ARSON (Sec. 435, 436, 438 IPC )",Public Place,4,2,1,1,,,,,,,
248,A - IPC Crime,"ARSON (Sec. 435, 436, 438 IPC )",Railway Property,0,0,0,0,,,,,,,
249,A - IPC Crime,"ARSON (Sec. 435, 436, 438 IPC )",Vital Installation,0,0,0,0,,,,,,,
250,A - IPC Crime,"ARSON (Sec. 435, 436, 438 IPC )",Warehouse (Godown),2,0,1,0,,,,,,,
251,A - IPC Crime,"ARSON (Sec. 435, 436, 438 IPC )",Others,67,11,13,10,,,,,,,
252,A - IPC Crime,"ASSAULT (Sec 356, 357 IPC)",Attempt To Commit,0,1,0,0,,,,,,,
253,A - IPC Crime,"ASSAULT (Sec 356, 357 IPC)",On Contractor,1,0,0,0,,,,,,,
254,A - IPC Crime,"ASSAULT (Sec 356, 357 IPC)",On Domestic Servant,0,0,0,0,,,,,,,
255,A - IPC Crime,"ASSAULT (Sec 356, 357 IPC)",On Labourer,1,0,0,1,,,,,,,
256,A - IPC Crime,"ASSAULT (Sec 356, 357 IPC)",On Man (General),10,1,2,2,,,,,,,
257,A - IPC Crime,"ASSAULT (Sec 356, 357 IPC)",On Man (SC),1,0,0,0,,,,,,,
258,A - IPC Crime,"ASSAULT (Sec 356, 357 IPC)",On Man (ST),0,0,0,0,,,,,,,
259,A - IPC Crime,"ASSAULT (Sec 356, 357 IPC)",On Manager/Executive (Other Than Public Servant),0,0,0,0,,,,,,,
260,A - IPC Crime,"ASSAULT (Sec 356, 357 IPC)","On Member of Clergy (Christian, Budhist, Jain, Sikh)",0,0,0,0,,,,,,,
261,A - IPC Crime,"ASSAULT (Sec 356, 357 IPC)",Member of Legislative Assembly / Council (MLA/MLC),0,0,0,0,,,,,,,
262,A - IPC Crime,"ASSAULT (Sec 356, 357 IPC)",On Member of Parliament (MP),0,0,0,0,,,,,,,
263,A - IPC Crime,"ASSAULT (Sec 356, 357 IPC)",On other Dignitaries /Public Figures,1,0,0,0,,,,,,,
264,A - IPC Crime,"ASSAULT (Sec 356, 357 IPC)",On Press,1,1,0,0,,,,,,,
265,A - IPC Crime,"ASSAULT (Sec 356, 357 IPC)",On Professional ,1,0,1,0,,,,,,,
266,A - IPC Crime,"ASSAULT (Sec 356, 357 IPC)",On Public Servant,1,0,0,1,,,,,,,
267,A - IPC Crime,"ASSAULT (Sec 356, 357 IPC)",On Student,0,0,0,0,,,,,,,
268,A - IPC Crime,"ASSAULT (Sec 356, 357 IPC)",On Teacher,0,0,0,0,,,,,,,
269,A - IPC Crime,"ASSAULT (Sec 356, 357 IPC)",On Women (General),2,0,0,0,,,,,,,
270,A - IPC Crime,"ASSAULT (Sec 356, 357 IPC)",On Woman (SC),0,0,0,0,,,,,,,
271,A - IPC Crime,"ASSAULT (Sec 356, 357 IPC)",On Woman (ST),0,0,0,0,,,,,,,
272,A - IPC Crime,COMMUNAL / RELIGION (Sec. 295 to 297 IPC),Attempt to Commit,0,0,0,0,,,,,,,
273,A - IPC Crime,COMMUNAL / RELIGION (Sec. 295 to 297 IPC),Caste Issue,9,2,2,0,,,,,,,
274,A - IPC Crime,COMMUNAL / RELIGION (Sec. 295 to 297 IPC),Communal Issue,46,4,7,7,,,,,,,
275,A - IPC Crime,COMMUNAL / RELIGION (Sec. 295 to 297 IPC),Linguistic Issue,0,0,0,0,,,,,,,
276,A - IPC Crime,COMMUNAL / RELIGION (Sec. 295 to 297 IPC),Political Issue,11,0,6,2,,,,,,,
277,A - IPC Crime,COMMUNAL / RELIGION (Sec. 295 to 297 IPC),Racial/Ethnic Issue,0,0,0,0,,,,,,,
278,A - IPC Crime,COMMUNAL / RELIGION (Sec. 295 to 297 IPC),Regional Issue,13,0,2,0,,,,,,,
279,A - IPC Crime,COMMUNAL / RELIGION (Sec. 295 to 297 IPC),Religious Issue,54,4,9,3,,,,,,,
280,A - IPC Crime,COMMUNAL / RELIGION (Sec. 295 to 297 IPC),Sectarian Issue,0,1,0,0,,,,,,,
281,A - IPC Crime,COMMUNAL / RELIGION (Sec. 295 to 297 IPC),Others,45,4,14,5,,,,,,,
282,A - IPC Crime,"CRIMINAL CONSPIRACY (Sec. 120(B), 121(A) IPC)",Conspiracy To Wage War,0,0,0,0,,,,,,,
283,A - IPC Crime,"CRIMINAL CONSPIRACY (Sec. 120(B), 121(A) IPC)",Related to Substantive Offence,3,0,1,0,,,,,,,
284,A - IPC Crime,"CRIMINAL CONSPIRACY (Sec. 120(B), 121(A) IPC)",Others,11,1,3,2,,,,,,,
285,A - IPC Crime,CRIMINAL INTIMIDATION (Sec. 504 to 508 IPC),NA,1037,160,203,216,,,,,,,
286,A - IPC Crime,"CRIMINAL MISAPPROPRIATION (Sec. 403, 404 IPC)",Attempt to Commit,0,0,0,0,,,,,,,
287,A - IPC Crime,"CRIMINAL MISAPPROPRIATION (Sec. 403, 404 IPC)",Bank,4,0,1,1,,,,,,,
288,A - IPC Crime,"CRIMINAL MISAPPROPRIATION (Sec. 403, 404 IPC)",Business Establishment,0,0,0,0,,,,,,,
289,A - IPC Crime,"CRIMINAL MISAPPROPRIATION (Sec. 403, 404 IPC)",Charitable Organisation,0,0,0,0,,,,,,,
290,A - IPC Crime,"CRIMINAL MISAPPROPRIATION (Sec. 403, 404 IPC)",Chitfund Organisation,0,0,0,0,,,,,,,
291,A - IPC Crime,"CRIMINAL MISAPPROPRIATION (Sec. 403, 404 IPC)",Co-operative Organisation,0,0,0,0,,,,,,,
292,A - IPC Crime,"CRIMINAL MISAPPROPRIATION (Sec. 403, 404 IPC)",Commercial Establishment/Shop,0,0,0,0,,,,,,,
293,A - IPC Crime,"CRIMINAL MISAPPROPRIATION (Sec. 403, 404 IPC)",Customs Department,0,0,0,0,,,,,,,
294,A - IPC Crime,"CRIMINAL MISAPPROPRIATION (Sec. 403, 404 IPC)",Excise Department,0,0,0,0,,,,,,,
295,A - IPC Crime,"CRIMINAL MISAPPROPRIATION (Sec. 403, 404 IPC)",Financial Institution,0,0,0,0,,,,,,,
296,A - IPC Crime,"CRIMINAL MISAPPROPRIATION (Sec. 403, 404 IPC)",Income Tax Department,0,0,0,0,,,,,,,
297,A - IPC Crime,"CRIMINAL MISAPPROPRIATION (Sec. 403, 404 IPC)",Other Government Organisation,0,1,0,0,,,,,,,
298,A - IPC Crime,"CRIMINAL MISAPPROPRIATION (Sec. 403, 404 IPC)",Postal Department,0,0,0,0,,,,,,,
299,A - IPC Crime,"CRIMINAL MISAPPROPRIATION (Sec. 403, 404 IPC)",Public Sector Undertakings,0,0,0,0,,,,,,,
300,A - IPC Crime,"CRIMINAL MISAPPROPRIATION (Sec. 403, 404 IPC)",Railway Department,0,0,0,0,,,,,,,
301,A - IPC Crime,"CRIMINAL MISAPPROPRIATION (Sec. 403, 404 IPC)",Revenue Department,0,0,0,0,,,,,,,
302,A - IPC Crime,"CRIMINAL MISAPPROPRIATION (Sec. 403, 404 IPC)",Sales Tax Department,0,0,0,0,,,,,,,
303,A - IPC Crime,"CRIMINAL MISAPPROPRIATION (Sec. 403, 404 IPC)",Social Organisation (Aided) (N),0,0,0,0,,,,,,,
304,A - IPC Crime,"CRIMINAL MISAPPROPRIATION (Sec. 403, 404 IPC)",Transport Authority,0,0,0,0,,,,,,,
305,A - IPC Crime,"CRIMINAL MISAPPROPRIATION (Sec. 403, 404 IPC)",Trust - Other than religious,0,0,0,0,,,,,,,
306,A - IPC Crime,"CRIMINAL MISAPPROPRIATION (Sec. 403, 404 IPC)",Trust - Religious,0,0,0,0,,,,,,,
307,A - IPC Crime,"CRIMINAL MISAPPROPRIATION (Sec. 403, 404 IPC)",Others,3,1,0,0,,,,,,,
308,A - IPC Crime,CRIMINAL TRESPASS (Sec.447 to 452 IPC),Attempt to Commit,8,0,1,4,,,,,,,
309,A - IPC Crime,CRIMINAL TRESPASS (Sec.447 to 452 IPC),Club,0,0,0,0,,,,,,,
310,A - IPC Crime,CRIMINAL TRESPASS (Sec.447 to 452 IPC),Hostel,4,1,0,2,,,,,,,
311,A - IPC Crime,CRIMINAL TRESPASS (Sec.447 to 452 IPC),Hotel,6,0,2,0,,,,,,,
312,A - IPC Crime,CRIMINAL TRESPASS (Sec.447 to 452 IPC),House,278,41,49,55,,,,,,,
313,A - IPC Crime,CRIMINAL TRESPASS (Sec.447 to 452 IPC),Land,616,101,96,148,,,,,,,
314,A - IPC Crime,CRIMINAL TRESPASS (Sec.447 to 452 IPC),Office,23,3,4,9,,,,,,,
315,A - IPC Crime,CRIMINAL TRESPASS (Sec.447 to 452 IPC),Prohibited Places,10,2,0,3,,,,,,,
316,A - IPC Crime,CRIMINAL TRESPASS (Sec.447 to 452 IPC),Religious Place,7,1,2,1,,,,,,,
317,A - IPC Crime,CRIMINAL TRESPASS (Sec.447 to 452 IPC),Restricted Area,8,1,1,3,,,,,,,
318,A - IPC Crime,CRIMINAL TRESPASS (Sec.447 to 452 IPC),Others,105,10,21,16,,,,,,,
319,A - IPC Crime,CRUELTY BY HUSBAND (Sec. 498(A) IPC),Husband ,500,60,100,106,,,,,,,
320,A - IPC Crime,CRUELTY BY HUSBAND (Sec. 498(A) IPC),Husband And Relative(S) in Law,607,93,82,140,,,,,,,
321,A - IPC Crime,CRUELTY BY HUSBAND (Sec. 498(A) IPC),Relative(S) in Law,11,2,3,2,,,,,,,
322,A - IPC Crime,CRUELTY BY HUSBAND (Sec. 498(A) IPC),Dowry Harassment,260,28,34,77,,,,,,,
323,A - IPC Crime,CRUELTY BY HUSBAND (Sec. 498(A) IPC),Prevention of Gaming,2,0,0,0,,,,,,,
324,A - IPC Crime,DOWRY DEATHS (Sec.304(B) IPC),By Husband  ,1,0,0,0,,,,,,,
325,A - IPC Crime,DOWRY DEATHS (Sec.304(B) IPC),By Husband And Relatives In Law,17,4,3,2,,,,,,,
326,A - IPC Crime,DOWRY DEATHS (Sec.304(B) IPC),By Relatives in Law,0,0,0,0,,,,,,,
327,A - IPC Crime,DOWRY DEATHS (Sec.304(B) IPC),By Burning,0,0,0,0,,,,,,,
328,A - IPC Crime,DOWRY DEATHS (Sec.304(B) IPC),By Hanging,24,8,6,5,,,,,,,
329,A - IPC Crime,DOWRY DEATHS (Sec.304(B) IPC),By Other Means,3,2,0,2,,,,,,,
330,A - IPC Crime,DEATHS DUE TO RASHNESS/NEGLIGENCE (Sec.304(A) IPC),Electrocution,7,4,0,2,,,,,,,
331,A - IPC Crime,DEATHS DUE TO RASHNESS/NEGLIGENCE (Sec.304(A) IPC),Adulterated Food/Drug,0,0,0,0,,,,,,,
332,A - IPC Crime,DEATHS DUE TO RASHNESS/NEGLIGENCE (Sec.304(A) IPC),Accident by Air,0,0,0,0,,,,,,,
333,A - IPC Crime,DEATHS DUE TO RASHNESS/NEGLIGENCE (Sec.304(A) IPC),Boad Accident,0,0,0,0,,,,,,,
334,A - IPC Crime,DEATHS DUE TO RASHNESS/NEGLIGENCE (Sec.304(A) IPC),Bridge/Dam Collapse,0,0,0,0,,,,,,,
335,A - IPC Crime,DEATHS DUE TO RASHNESS/NEGLIGENCE (Sec.304(A) IPC),Building Collapse,4,1,1,1,,,,,,,
336,A - IPC Crime,DEATHS DUE TO RASHNESS/NEGLIGENCE (Sec.304(A) IPC),Caused By Animal,1,0,0,0,,,,,,,
337,A - IPC Crime,DEATHS DUE TO RASHNESS/NEGLIGENCE (Sec.304(A) IPC),Death Due to Other Cause,39,5,7,6,,,,,,,
338,A - IPC Crime,DEATHS DUE TO RASHNESS/NEGLIGENCE (Sec.304(A) IPC),Electrocution Accident,15,10,3,7,,,,,,,
339,A - IPC Crime,DEATHS DUE TO RASHNESS/NEGLIGENCE (Sec.304(A) IPC),Explosion Accident,1,0,1,0,,,,,,,
340,A - IPC Crime,DEATHS DUE TO RASHNESS/NEGLIGENCE (Sec.304(A) IPC),Fire accident,2,0,0,0,,,,,,,
341,A - IPC Crime,DEATHS DUE TO RASHNESS/NEGLIGENCE (Sec.304(A) IPC),Gas Leakage Accident,2,0,1,1,,,,,,,
342,A - IPC Crime,DEATHS DUE TO RASHNESS/NEGLIGENCE (Sec.304(A) IPC),Improper Infrastucture In Construction,31,5,5,7,,,,,,,
343,A - IPC Crime,DEATHS DUE TO RASHNESS/NEGLIGENCE (Sec.304(A) IPC),Improper Medical Treatment,3,0,0,0,,,,,,,
344,A - IPC Crime,DEATHS DUE TO RASHNESS/NEGLIGENCE (Sec.304(A) IPC),In Custody of Public Servant,0,0,0,0,,,,,,,
345,A - IPC Crime,DEATHS DUE TO RASHNESS/NEGLIGENCE (Sec.304(A) IPC),In Jail/Judicial Custody,1,0,0,0,,,,,,,
346,A - IPC Crime,DEATHS DUE TO RASHNESS/NEGLIGENCE (Sec.304(A) IPC),In Police Custody,0,0,0,0,,,,,,,
347,A - IPC Crime,DEATHS DUE TO RASHNESS/NEGLIGENCE (Sec.304(A) IPC),Industrial Accident (Factory),3,1,0,1,,,,,,,
348,A - IPC Crime,DEATHS DUE TO RASHNESS/NEGLIGENCE (Sec.304(A) IPC),Inflammable Substance,0,0,0,0,,,,,,,
349,A - IPC Crime,DEATHS DUE TO RASHNESS/NEGLIGENCE (Sec.304(A) IPC),Mine Accident,0,0,0,0,,,,,,,
350,A - IPC Crime,DEATHS DUE TO RASHNESS/NEGLIGENCE (Sec.304(A) IPC),Poisonous Substance,0,0,0,0,,,,,,,
351,A - IPC Crime,DEATHS DUE TO RASHNESS/NEGLIGENCE (Sec.304(A) IPC),Quarry Accident,0,0,0,0,,,,,,,
352,A - IPC Crime,DEATHS DUE TO RASHNESS/NEGLIGENCE (Sec.304(A) IPC),Spurious Liquor (Hooch) Accident,0,0,0,0,,,,,,,
353,A - IPC Crime,DEATHS DUE TO RASHNESS/NEGLIGENCE (Sec.304(A) IPC),Railway Accident,0,0,0,0,,,,,,,
354,A - IPC Crime,DEATHS DUE TO RASHNESS/NEGLIGENCE (Sec.304(A) IPC),Others,38,8,6,10,,,,,,,
355,A - IPC Crime,MOTOR VEHICLE ACCIDENTS FATAL (Sec.304(A) IPC),National Highways,1642,398,336,328,,,,,,,
356,A - IPC Crime,MOTOR VEHICLE ACCIDENTS FATAL (Sec.304(A) IPC),State Highways,1433,313,279,265,,,,,,,
357,A - IPC Crime,MOTOR VEHICLE ACCIDENTS FATAL (Sec.304(A) IPC),Other Roads,1867,397,385,334,,,,,,,
358,A - IPC Crime,MOTOR VEHICLE ACCIDENTS FATAL (Sec.304(A) IPC),Other Places,95,21,14,14,,,,,,,
359,A - IPC Crime,"MOTOR VEHICLE ACCIDENTS NON-FATAL (Sec.279, 337, 338 IPC)",National Highways,4498,919,945,1010,,,,,,,
360,A - IPC Crime,"MOTOR VEHICLE ACCIDENTS NON-FATAL (Sec.279, 337, 338 IPC)",State Highways,3223,628,627,686,,,,,,,
361,A - IPC Crime,"MOTOR VEHICLE ACCIDENTS NON-FATAL (Sec.279, 337, 338 IPC)",Other Roads,6026,1082,1153,1229,,,,,,,
362,A - IPC Crime,"MOTOR VEHICLE ACCIDENTS NON-FATAL (Sec.279, 337, 338 IPC)",Other Places,178,38,37,33,,,,,,,
363,A - IPC Crime,"DEATHS-MISCARRIAGE (Sec.312, 313, 314 IPC)",Child,10,0,1,2,,,,,,,
364,A - IPC Crime,"DEATHS-MISCARRIAGE (Sec.312, 313, 314 IPC)",Woman,1,0,1,0,,,,,,,
365,A - IPC Crime,"DEATHS-MISCARRIAGE (Sec.312, 313, 314 IPC)",Women and Child,2,1,0,1,,,,,,,
366,A - IPC Crime,"DEATHS-MISCARRIAGE (Sec.312, 313, 314 IPC)",Sub Total,13,1,2,3,,,,,,,
367,A - IPC Crime,"DEATHS-MISCARRIAGE (Sec.312, 313, 314 IPC)","DEFENCE FORCES OFFENCES RELATING (also relating to desertion) (Sec.131 to 140, except 136 IPC)",,,,,,,,,,,
368,A - IPC Crime,"DEATHS-MISCARRIAGE (Sec.312, 313, 314 IPC)",Air Force,1,0,0,0,,,,,,,
369,A - IPC Crime,"DEATHS-MISCARRIAGE (Sec.312, 313, 314 IPC)",Army,0,0,0,0,,,,,,,
370,A - IPC Crime,"DEATHS-MISCARRIAGE (Sec.312, 313, 314 IPC)",Navy,0,0,0,0,,,,,,,
371,A - IPC Crime,"DEATHS-MISCARRIAGE (Sec.312, 313, 314 IPC)",Sub Total,1,0,0,0,,,,,,,
372,A - IPC Crime,"DEATHS-MISCARRIAGE (Sec.312, 313, 314 IPC)","ESCAPE FROM LAWFUL CUSTODY AND RESISTANCE (Sec.224, 225, 225(B) IPC)",,,,,,,,,,,
373,A - IPC Crime,"DEATHS-MISCARRIAGE (Sec.312, 313, 314 IPC)",From Jail Custody,1,1,0,1,,,,,,,
374,A - IPC Crime,"DEATHS-MISCARRIAGE (Sec.312, 313, 314 IPC)",From Police Custody,11,4,1,3,,,,,,,
375,A - IPC Crime,"DEATHS-MISCARRIAGE (Sec.312, 313, 314 IPC)",Others,5,0,0,1,,,,,,,
376,A - IPC Crime,"IMPERSONATION (Sec.170, 171 IPC)",Attempt to Commit,1,0,0,1,,,,,,,
377,A - IPC Crime,"IMPERSONATION (Sec.170, 171 IPC)",Non-Uniformed Authority,3,1,1,0,,,,,,,
378,A - IPC Crime,"IMPERSONATION (Sec.170, 171 IPC)",Uniformed Authority,0,1,0,0,,,,,,,
379,A - IPC Crime,"MISCHIEF (Sec.427 to 440 except 434, 435, 436, 438 IPC)",NA,185,32,35,31,,,,,,,
380,A - IPC Crime,MOLESTATION (Sec.354 IPC),Attempt to Commit,33,5,10,5,,,,,,,
381,A - IPC Crime,MOLESTATION (Sec.354 IPC),Private Place,543,79,98,116,,,,,,,
382,A - IPC Crime,MOLESTATION (Sec.354 IPC),Public Conveyance,6,1,2,1,,,,,,,
383,A - IPC Crime,MOLESTATION (Sec.354 IPC),Public Place,1067,174,226,223,,,,,,,
384,A - IPC Crime,MOLESTATION (Sec.354 IPC),Other Places,1362,262,276,337,,,,,,,
385,A - IPC Crime,POISONING-PROFESSIONAL (Sec. 328 IPC),Attempt to Commit,1,1,1,0,,,,,,,
386,A - IPC Crime,POISONING-PROFESSIONAL (Sec. 328 IPC),Fatal,1,0,0,0,,,,,,,
387,A - IPC Crime,POISONING-PROFESSIONAL (Sec. 328 IPC),Non Fatal,3,0,1,0,,,,,,,
388,A - IPC Crime,PORNOGRAPHY (Sec.292 to 294 IPC),Advertisement,0,0,0,0,,,,,,,
389,A - IPC Crime,PORNOGRAPHY (Sec.292 to 294 IPC),Audio Tape,0,0,0,0,,,,,,,
390,A - IPC Crime,PORNOGRAPHY (Sec.292 to 294 IPC),Book,0,0,0,0,,,,,,,
391,A - IPC Crime,PORNOGRAPHY (Sec.292 to 294 IPC),Computer Software,0,0,0,0,,,,,,,
392,A - IPC Crime,PORNOGRAPHY (Sec.292 to 294 IPC),Figures,0,0,0,0,,,,,,,
393,A - IPC Crime,PORNOGRAPHY (Sec.292 to 294 IPC),Film (Blue),0,0,0,0,,,,,,,
394,A - IPC Crime,PORNOGRAPHY (Sec.292 to 294 IPC),Painting,0,0,0,0,,,,,,,
395,A - IPC Crime,PORNOGRAPHY (Sec.292 to 294 IPC),Pamphlet,0,0,0,0,,,,,,,
396,A - IPC Crime,PORNOGRAPHY (Sec.292 to 294 IPC),Paper,0,0,0,0,,,,,,,
397,A - IPC Crime,PORNOGRAPHY (Sec.292 to 294 IPC),Photography,0,0,0,0,,,,,,,
398,A - IPC Crime,PORNOGRAPHY (Sec.292 to 294 IPC),Poster,0,0,0,0,,,,,,,
399,A - IPC Crime,PORNOGRAPHY (Sec.292 to 294 IPC),Video Film(Blue),1,0,0,1,,,,,,,
400,A - IPC Crime,PORNOGRAPHY (Sec.292 to 294 IPC),Others,1,1,0,0,,,,,,,
401,A - IPC Crime,PUBLIC JUSTICE (Sec.213 to 215 IPC),NA,2,0,0,0,,,,,,,
402,A - IPC Crime,PUBLIC NUISANCE (Sec.291 and 510 IPC),NA,35,12,6,4,,,,,,,
403,A - IPC Crime,"PUBLIC SAFETY (Sec.269 to 271, 277, 283, 289 IPC)",NA,1589,553,316,206,,,,,,,
404,A - IPC Crime,"OFFENCES AGAINST PUBLIC SERVANTS (Public servant is a victim) (Sec 182-188, 332, 333, 353 IPC)",Attempt to Commit,5,0,0,2,,,,,,,
405,A - IPC Crime,"OFFENCES AGAINST PUBLIC SERVANTS (Public servant is a victim) (Sec 182-188, 332, 333, 353 IPC)",Defence Personnel,1,1,0,0,,,,,,,
406,A - IPC Crime,"OFFENCES AGAINST PUBLIC SERVANTS (Public servant is a victim) (Sec 182-188, 332, 333, 353 IPC)",Jail Personnel,5,1,1,1,,,,,,,
407,A - IPC Crime,"OFFENCES AGAINST PUBLIC SERVANTS (Public servant is a victim) (Sec 182-188, 332, 333, 353 IPC)",Judicial Official,10,0,2,1,,,,,,,
408,A - IPC Crime,"OFFENCES AGAINST PUBLIC SERVANTS (Public servant is a victim) (Sec 182-188, 332, 333, 353 IPC)",Minister,0,0,0,0,,,,,,,
409,A - IPC Crime,"OFFENCES AGAINST PUBLIC SERVANTS (Public servant is a victim) (Sec 182-188, 332, 333, 353 IPC)",MLA,0,0,0,0,,,,,,,
410,A - IPC Crime,"OFFENCES AGAINST PUBLIC SERVANTS (Public servant is a victim) (Sec 182-188, 332, 333, 353 IPC)",MP,1,0,1,0,,,,,,,
411,A - IPC Crime,"OFFENCES AGAINST PUBLIC SERVANTS (Public servant is a victim) (Sec 182-188, 332, 333, 353 IPC)",Nationalised Bank Personnel,0,0,0,0,,,,,,,
412,A - IPC Crime,"OFFENCES AGAINST PUBLIC SERVANTS (Public servant is a victim) (Sec 182-188, 332, 333, 353 IPC)",Other Elected Member,1,0,0,0,,,,,,,
413,A - IPC Crime,"OFFENCES AGAINST PUBLIC SERVANTS (Public servant is a victim) (Sec 182-188, 332, 333, 353 IPC)",Other Enforcement Official,2,1,1,0,,,,,,,
414,A - IPC Crime,"OFFENCES AGAINST PUBLIC SERVANTS (Public servant is a victim) (Sec 182-188, 332, 333, 353 IPC)",Other Govt. Official,180,34,37,38,,,,,,,
415,A - IPC Crime,"OFFENCES AGAINST PUBLIC SERVANTS (Public servant is a victim) (Sec 182-188, 332, 333, 353 IPC)",Para Military Personnel,1,0,0,1,,,,,,,
416,A - IPC Crime,"OFFENCES AGAINST PUBLIC SERVANTS (Public servant is a victim) (Sec 182-188, 332, 333, 353 IPC)",Police Personnel,175,31,36,33,,,,,,,
417,A - IPC Crime,"OFFENCES AGAINST PUBLIC SERVANTS (Public servant is a victim) (Sec 182-188, 332, 333, 353 IPC)",Public Sector Undertaking Official,51,6,11,6,,,,,,,
418,A - IPC Crime,"OFFENCES BY PUBLIC SERVANTS (EXCEPT CORRUPTION) (Public servant is accused) (Sec.128, 139, 167, 218, 221, 222 IPC)",Defence Personnel,0,0,0,0,,,,,,,
419,A - IPC Crime,"OFFENCES BY PUBLIC SERVANTS (EXCEPT CORRUPTION) (Public servant is accused) (Sec.128, 139, 167, 218, 221, 222 IPC)",Jail Personnel,1,0,0,0,,,,,,,
420,A - IPC Crime,"OFFENCES BY PUBLIC SERVANTS (EXCEPT CORRUPTION) (Public servant is accused) (Sec.128, 139, 167, 218, 221, 222 IPC)",Judicial Official,0,0,0,0,,,,,,,
421,A - IPC Crime,"OFFENCES BY PUBLIC SERVANTS (EXCEPT CORRUPTION) (Public servant is accused) (Sec.128, 139, 167, 218, 221, 222 IPC)",Minister,0,0,0,0,,,,,,,
422,A - IPC Crime,"OFFENCES BY PUBLIC SERVANTS (EXCEPT CORRUPTION) (Public servant is accused) (Sec.128, 139, 167, 218, 221, 222 IPC)",MLA,0,0,0,0,,,,,,,
423,A - IPC Crime,"OFFENCES BY PUBLIC SERVANTS (EXCEPT CORRUPTION) (Public servant is accused) (Sec.128, 139, 167, 218, 221, 222 IPC)",MP,0,0,0,0,,,,,,,
424,A - IPC Crime,"OFFENCES BY PUBLIC SERVANTS (EXCEPT CORRUPTION) (Public servant is accused) (Sec.128, 139, 167, 218, 221, 222 IPC)",Nationalised Bank Personnel,0,0,0,0,,,,,,,
425,A - IPC Crime,"OFFENCES BY PUBLIC SERVANTS (EXCEPT CORRUPTION) (Public servant is accused) (Sec.128, 139, 167, 218, 221, 222 IPC)",Other Elected Member,0,0,0,0,,,,,,,
426,A - IPC Crime,"OFFENCES BY PUBLIC SERVANTS (EXCEPT CORRUPTION) (Public servant is accused) (Sec.128, 139, 167, 218, 221, 222 IPC)",Other Enforcement Official,0,0,0,0,,,,,,,
427,A - IPC Crime,"OFFENCES BY PUBLIC SERVANTS (EXCEPT CORRUPTION) (Public servant is accused) (Sec.128, 139, 167, 218, 221, 222 IPC)",Other Govt. Official,3,0,0,1,,,,,,,
428,A - IPC Crime,"OFFENCES BY PUBLIC SERVANTS (EXCEPT CORRUPTION) (Public servant is accused) (Sec.128, 139, 167, 218, 221, 222 IPC)",Para Military Personnel,0,0,0,0,,,,,,,
429,A - IPC Crime,"OFFENCES BY PUBLIC SERVANTS (EXCEPT CORRUPTION) (Public servant is accused) (Sec.128, 139, 167, 218, 221, 222 IPC)",Police Personnel,1,0,0,0,,,,,,,
430,A - IPC Crime,"OFFENCES BY PUBLIC SERVANTS (EXCEPT CORRUPTION) (Public servant is accused) (Sec.128, 139, 167, 218, 221, 222 IPC)",Public Sector Undertaking Official,0,0,0,0,,,,,,,
431,A - IPC Crime,"OFFENCES BY PUBLIC SERVANTS (EXCEPT CORRUPTION) (Public servant is accused) (Sec.128, 139, 167, 218, 221, 222 IPC)",Others,0,0,0,0,,,,,,,
432,A - IPC Crime,"NEGLIGENT ACT (Sec.280 to 289, 336 to 338 except 283 IPC)",Death Causeed By Electric Shock,28,10,5,13,,,,,,,
433,A - IPC Crime,"NEGLIGENT ACT (Sec.280 to 289, 336 to 338 except 283 IPC)",Animal -Related,27,1,3,5,,,,,,,
434,A - IPC Crime,"NEGLIGENT ACT (Sec.280 to 289, 336 to 338 except 283 IPC)",Boat/Vessel - Related,3,0,0,1,,,,,,,
435,A - IPC Crime,"NEGLIGENT ACT (Sec.280 to 289, 336 to 338 except 283 IPC)",Explosive/Explosive Substances - Related,19,0,3,5,,,,,,,
436,A - IPC Crime,"NEGLIGENT ACT (Sec.280 to 289, 336 to 338 except 283 IPC)",Inflammable Substance- Related ,8,2,3,0,,,,,,,
437,A - IPC Crime,"NEGLIGENT ACT (Sec.280 to 289, 336 to 338 except 283 IPC)",Machinery - Related,45,9,3,19,,,,,,,
438,A - IPC Crime,"NEGLIGENT ACT (Sec.280 to 289, 336 to 338 except 283 IPC)",Poisonous Substance - Related,3,2,0,1,,,,,,,
439,A - IPC Crime,"NEGLIGENT ACT (Sec.280 to 289, 336 to 338 except 283 IPC)",Other - Related,541,60,85,84,,,,,,,
440,A - IPC Crime,"NEGLIGENT ACT (Sec.280 to 289, 336 to 338 except 283 IPC)",Human - Related,300,31,22,39,,,,,,,
441,A - IPC Crime,RECEIVING OF STOLEN PROPERTY (Sec.411 to 414 IPC),NA,1,1,0,0,,,,,,,
442,A - IPC Crime,SEDITION (Sec. 124A IPC),Attempt to Commit,0,0,0,0,,,,,,,
443,A - IPC Crime,SEDITION (Sec. 124A IPC),By Foreigner,0,0,0,0,,,,,,,
444,A - IPC Crime,SEDITION (Sec. 124A IPC),By National,0,0,0,0,,,,,,,
445,A - IPC Crime,SEDITION (Sec. 124A IPC),By National And Foreigner,0,0,0,0,,,,,,,
446,A - IPC Crime,INSULTING MODESTY OF WOMEN (EVE TEASING) (Sec.509 IPC),Attempt to Commit,0,2,0,0,,,,,,,
447,A - IPC Crime,INSULTING MODESTY OF WOMEN (EVE TEASING) (Sec.509 IPC),Office,3,2,1,0,,,,,,,
448,A - IPC Crime,INSULTING MODESTY OF WOMEN (EVE TEASING) (Sec.509 IPC),Public Conveyance,1,0,0,1,,,,,,,
449,A - IPC Crime,INSULTING MODESTY OF WOMEN (EVE TEASING) (Sec.509 IPC),Public Place,19,2,6,6,,,,,,,
450,A - IPC Crime,INSULTING MODESTY OF WOMEN (EVE TEASING) (Sec.509 IPC),Other Places,25,6,5,5,,,,,,,
451,A - IPC Crime,"SUICIDE (Sec.305, 306, 309 IPC)",Dowry,1,1,0,0,,,,,,,
452,A - IPC Crime,"SUICIDE (Sec.305, 306, 309 IPC)",Abetment of Suicide,117,15,26,22,,,,,,,
453,A - IPC Crime,"SUICIDE (Sec.305, 306, 309 IPC)",Other Reasons,123,26,18,26,,,,,,,
454,A - IPC Crime,"SUICIDE (Sec.305, 306, 309 IPC)",Attempt to Commit suicide,50,11,4,11,,,,,,,
455,A - IPC Crime,UNNATURAL SEX (Sec.377 IPC),Abetment  ,0,0,0,0,,,,,,,
456,A - IPC Crime,UNNATURAL SEX (Sec.377 IPC),Animal  ,0,0,0,0,,,,,,,
457,A - IPC Crime,UNNATURAL SEX (Sec.377 IPC),Attempt,0,0,0,0,,,,,,,
458,A - IPC Crime,UNNATURAL SEX (Sec.377 IPC),Major - Man,1,0,0,1,,,,,,,
459,A - IPC Crime,UNNATURAL SEX (Sec.377 IPC),Major - Woman,0,0,0,0,,,,,,,
460,A - IPC Crime,UNNATURAL SEX (Sec.377 IPC),Minor - Boy,0,0,0,0,,,,,,,
461,A - IPC Crime,UNNATURAL SEX (Sec.377 IPC),Minor - Girl,0,0,0,0,,,,,,,
462,A - IPC Crime,WRONGFUL RESTRAINT/CONFINEMENT (Sec.341 to 348 IPC),Attempt to Commit,12,1,1,6,,,,,,,
463,A - IPC Crime,WRONGFUL RESTRAINT/CONFINEMENT (Sec.341 to 348 IPC),To Extort Confession,3,0,0,1,,,,,,,
464,A - IPC Crime,WRONGFUL RESTRAINT/CONFINEMENT (Sec.341 to 348 IPC),To Extort Property,10,1,2,3,,,,,,,
465,A - IPC Crime,WRONGFUL RESTRAINT/CONFINEMENT (Sec.341 to 348 IPC),To settle Dispute,6,2,1,2,,,,,,,
466,A - IPC Crime,WRONGFUL RESTRAINT/CONFINEMENT (Sec.341 to 348 IPC),Others,138,27,38,18,,,,,,,
467,A - IPC Crime,"INFANTICIDE (Sec.315, 316 IPC)",Male,0,0,0,0,,,,,,,
468,A - IPC Crime,"INFANTICIDE (Sec.315, 316 IPC)",Female,0,0,0,0,,,,,,,
469,A - IPC Crime,OFFENCES RELATED TO MARRIAGE (Sec.493 to 498 IPC),NA,18,5,1,4,,,,,,,
470,A - IPC Crime,"BUYING & SELLING MINOR FOR PROSTITUTION (Sec.372, 373 IPC)",NA,0,0,0,0,,,,,,,
471,A - IPC Crime,DOCUMENTS & PROPERTY MARKS (Sec.483 to 489 IPC),Documents  ,0,0,0,0,,,,,,,
472,A - IPC Crime,DOCUMENTS & PROPERTY MARKS (Sec.483 to 489 IPC),Property  ,0,0,0,0,,,,,,,
473,A - IPC Crime,DEFAMATION (Sec.500 to 502 IPC),Persons ,3,0,0,1,,,,,,,
474,A - IPC Crime,DEFAMATION (Sec.500 to 502 IPC),Printed Matter,2,1,0,0,,,,,,,
475,A - IPC Crime,DEFAMATION (Sec.500 to 502 IPC),Others,1,0,0,0,,,,,,,
476,A - IPC Crime,ELECTION(Sec.171(E) to 171(1) IPC),Assembly,5,386,3,2,,,,,,,
477,A - IPC Crime,ELECTION(Sec.171(E) to 171(1) IPC),Parliament,149,1,94,22,,,,,,,
478,A - IPC Crime,ELECTION(Sec.171(E) to 171(1) IPC),Other Elected Bodies,9,6,0,6,,,,,,,
479,A - IPC Crime,"SLAVERY (Sec.370, 371, 374 IPC)",Man,0,0,0,0,,,,,,,
480,A - IPC Crime,"SLAVERY (Sec.370, 371, 374 IPC)",Woman,0,0,0,0,,,,,,,
481,A - IPC Crime,"SLAVERY (Sec.370, 371, 374 IPC)",Boy,0,0,0,0,,,,,,,
482,A - IPC Crime,"SLAVERY (Sec.370, 371, 374 IPC)",Girl,0,0,0,0,,,,,,,
483,A - IPC Crime,Attempting to commit offences (Sec.511 IPC),Attempting to commit offences,90,7,18,18,,,,,,,
484,A - IPC Crime,ILLEGAL DETENTION (Sec.342 IPC),NA,0,0,0,0,,,,,,,
485,A - IPC Crime,FALSE EVIDENCE (Sec.191 to 205 IPC),NA,3,0,1,0,,,,,,,
486,A - IPC Crime,EXPOSURE AND ABANDONMENT OF CHILD (Sec.317 IPC),Boy ,17,2,2,1,,,,,,,
487,A - IPC Crime,EXPOSURE AND ABANDONMENT OF CHILD (Sec.317 IPC),Girl,4,1,0,2,,,,,,,
488,A - IPC Crime,OF ABETMENT (Sec.107 to 120 IPC),NA,3,1,0,1,,,,,,,
489,A - IPC Crime,"FAILURE TO APPEAR TO COURT (Sec.174, 229A IPC)",174 A,32,1,5,4,,,,,,,
490,A - IPC Crime,"FAILURE TO APPEAR TO COURT (Sec.174, 229A IPC)",229 A,141,2,28,9,,,,,,,
491,A - IPC Crime,Concealment of birth by secret disposal of Child,Girl,4,4,0,1,,,,,,,
492,A - IPC Crime,Concealment of birth by secret disposal of Child,Boy,12,1,5,1,,,,,,,
493,A - IPC Crime,ASSAULT OR USE OF CRIMINAL FORCE TO DISROBE WOMEN,NA,8,1,0,4,,,,,,,
494,A - IPC Crime,Disobedience to Order Promulgated by Public/Servant,By Others,0,1,0,0,,,,,,,
495,A - IPC Crime,Disobedience to Order Promulgated by Public/Servant,By Private Institution,10,45,6,2,,,,,,,
496,A - IPC Crime,Disobedience to Order Promulgated by Public/Servant,By Govt. Institution,7,15,0,1,,,,,,,
497,A - IPC Crime,Human Trafficking,Eunuch,2,0,0,1,,,,,,,
498,A - IPC Crime,Human Trafficking,Men,0,0,0,0,,,,,,,
499,A - IPC Crime,Human Trafficking,Boy,4,0,1,1,,,,,,,
500,A - IPC Crime,Human Trafficking,Women,1,0,0,1,,,,,,,
501,A - IPC Crime,Human Trafficking,Girl,0,0,0,0,,,,,,,
502,A - IPC Crime,Aadhaar Act,Impersonation,0,0,0,0,,,,,,,
503,A - IPC Crime,Aadhaar Act,Offence by Company,0,0,0,0,,,,,,,
504,A - IPC Crime,Aadhaar Act,Offence by individual,0,0,0,0,,,,,,,
505,A - IPC Crime,Giving false information respecting an offence com,Giving false information respecting an offence committed,1,0,1,0,,,,,,,
506,B - SPECIAL & LOCAL LAWS,ANTIQUES (CULTURAL PROPERTY),Antiques & Art Treasures Act 1972,0,0,0,0,,,,,,,
507,B - SPECIAL & LOCAL LAWS,ANTIQUES (CULTURAL PROPERTY),Ancient Monument & Archaelogical Sites And Remains Act 1958,2,0,1,0,,,,,,,
508,B - SPECIAL & LOCAL LAWS,ARMS ACT 1959,Country Made - Non Prohibited Bore - In Disturbed Area,11,0,3,2,,,,,,,
509,B - SPECIAL & LOCAL LAWS,ARMS ACT 1960,Country Made - Non Prohibited Bore - In Other Area,40,10,11,9,,,,,,,
510,B - SPECIAL & LOCAL LAWS,ARMS ACT 1961,Country Made - Prohibited Bore - In Disturbed Area,3,0,0,3,,,,,,,
511,B - SPECIAL & LOCAL LAWS,ARMS ACT 1962,Country Made - Prohibited Bore - In Other Area,31,6,9,11,,,,,,,
512,B - SPECIAL & LOCAL LAWS,ARMS ACT 1963,Factory Made - Non Prohibited Bore - In Disturbed Area,1,0,0,0,,,,,,,
513,B - SPECIAL & LOCAL LAWS,ARMS ACT 1964,Factory Made - Non Prohibited Bore - In Other Area,11,3,0,2,,,,,,,
514,B - SPECIAL & LOCAL LAWS,ARMS ACT 1965,Factory Made - Prohibited Bore - In Disturbed Area,1,0,0,1,,,,,,,
515,B - SPECIAL & LOCAL LAWS,ARMS ACT 1966,Factory Made - Prohibited Bore - In Other Area,11,1,2,3,,,,,,,
516,B - SPECIAL & LOCAL LAWS,ANIMAL,The Karnataka Prevention of Slaughter and Preservation of Cattle Ordinance 2020,61,7,13,14,,,,,,,
517,B - SPECIAL & LOCAL LAWS,ANIMAL,Wild Life Preservation Act 1972,0,0,0,0,,,,,,,
518,B - SPECIAL & LOCAL LAWS,ANIMAL,Wild Life Protection Act 1972,1,0,0,0,,,,,,,
519,B - SPECIAL & LOCAL LAWS,ANIMAL,Prevention of Cruelty to Animals Act 1960,68,11,11,15,,,,,,,
520,B - SPECIAL & LOCAL LAWS,ANIMAL,Elephant (Preservation) Act 1879,0,0,0,0,,,,,,,
521,B - SPECIAL & LOCAL LAWS,ANIMAL,Cattle Tresspass Act 1871,2,0,0,0,,,,,,,
522,B - SPECIAL & LOCAL LAWS,CINEMATOGRAPHY ACT 1952,Films,2,0,0,1,,,,,,,
523,B - SPECIAL & LOCAL LAWS,CINEMATOGRAPHY ACT 1953,Video,0,0,0,0,,,,,,,
524,B - SPECIAL & LOCAL LAWS,CONSUMER,Liquified Petroleum Gas Supply & Control Order 2000 ,36,0,6,5,,,,,,,
525,B - SPECIAL & LOCAL LAWS,CONSUMER,Consumer (Protection) Act 1986,4,0,1,1,,,,,,,
526,B - SPECIAL & LOCAL LAWS,CONSUMER,Essential Commodities Act 1955,219,20,46,46,,,,,,,
527,B - SPECIAL & LOCAL LAWS,CONSUMER,Prevention of Food Adulternation Act 1954,0,0,0,0,,,,,,,
528,B - SPECIAL & LOCAL LAWS,CONSUMER,Packaged Commodities (Regulation) order 1975,0,0,0,0,,,,,,,
529,B - SPECIAL & LOCAL LAWS,COPY RIGHT ACT 1957,By Company,60,7,6,13,,,,,,,
530,B - SPECIAL & LOCAL LAWS,COPY RIGHT ACT 1958,By Individual,36,2,5,7,,,,,,,
531,B - SPECIAL & LOCAL LAWS,CIVIL RIGHTS,Protection of Civil Rights Act 1955,0,0,0,0,,,,,,,
532,B - SPECIAL & LOCAL LAWS,SCHEDULED CASTE AND THE SCHEDULED TRIBES,Scheduled Caste  ,575,90,112,98,,,,,,,
533,B - SPECIAL & LOCAL LAWS,SCHEDULED CASTE AND THE SCHEDULED TRIBES,Scheduled Tribes,136,25,28,22,,,,,,,
534,B - SPECIAL & LOCAL LAWS,SCHEDULED CASTE AND THE SCHEDULED TRIBES,Scheduled Caste Women,221,29,40,42,,,,,,,
535,B - SPECIAL & LOCAL LAWS,SCHEDULED CASTE AND THE SCHEDULED TRIBES,Scheduled Tribes Women,55,7,10,8,,,,,,,
536,B - SPECIAL & LOCAL LAWS,CHILDREN ACT,Child Labour (Prohibition & Regulation) Act1986,30,19,7,4,,,,,,,
537,B - SPECIAL & LOCAL LAWS,CHILDREN ACT,Child Marriage (Restraint) Act - 1929,67,10,19,20,,,,,,,
538,B - SPECIAL & LOCAL LAWS,CHILDREN ACT,Juvenile Justice Act 1986,73,12,25,18,,,,,,,
539,B - SPECIAL & LOCAL LAWS,CHILDREN ACT,Probation of offenders Act 1958,0,0,0,0,,,,,,,
540,B - SPECIAL & LOCAL LAWS,CHILDREN ACT,Protection of Children from Sexual Offences Act 2012 (POCSO),0,0,0,0,,,,,,,
541,B - SPECIAL & LOCAL LAWS,PREVENTION OF CORRUPTION ACT 1988,Public Servant - Elected,0,0,0,0,,,,,,,
542,B - SPECIAL & LOCAL LAWS,PREVENTION OF CORRUPTION ACT 1989,Public Servant - Gazetted - Central,0,0,0,0,,,,,,,
543,B - SPECIAL & LOCAL LAWS,PREVENTION OF CORRUPTION ACT 1990,Public Servant - Gazetted - Defence,0,0,0,0,,,,,,,
544,B - SPECIAL & LOCAL LAWS,PREVENTION OF CORRUPTION ACT 1991,Public Servant - Gazetted - Public Sector Undertaking,0,0,0,0,,,,,,,
545,B - SPECIAL & LOCAL LAWS,PREVENTION OF CORRUPTION ACT 1992,Public Servant - Gazetted - State,0,0,0,0,,,,,,,
546,B - SPECIAL & LOCAL LAWS,PREVENTION OF CORRUPTION ACT 1993,Public Servant - Non-Gazetted - Central,0,0,0,0,,,,,,,
547,B - SPECIAL & LOCAL LAWS,PREVENTION OF CORRUPTION ACT 1994,Public Servant - Non-Gazetted - Defence,0,0,0,0,,,,,,,
548,B - SPECIAL & LOCAL LAWS,PREVENTION OF CORRUPTION ACT 1995,Public Servant - Non-Gazetted - State,0,0,0,0,,,,,,,
549,B - SPECIAL & LOCAL LAWS,CUSTOMS,Customs Act 1962,0,0,0,0,,,,,,,
550,B - SPECIAL & LOCAL LAWS,CUSTOMS,Import/Export (Control) Act 1947,0,0,0,0,,,,,,,
551,B - SPECIAL & LOCAL LAWS,Explosives,Explosives Substances Act 1908,14,3,1,2,,,,,,,
552,B - SPECIAL & LOCAL LAWS,Explosives,Explosives Act 1884,22,0,4,2,,,,,,,
553,B - SPECIAL & LOCAL LAWS,Explosives,Inflammable Substance Act 1952,0,0,0,0,,,,,,,
554,B - SPECIAL & LOCAL LAWS,FOREIGN EXCHANGE,Smugglers and Foreign Exchange Manipulator Act 1976,0,0,0,0,,,,,,,
555,B - SPECIAL & LOCAL LAWS,FOREIGN EXCHANGE,Foreign Exchange Regulation Act 1973,0,0,0,0,,,,,,,
556,B - SPECIAL & LOCAL LAWS,FOREIGN EXCHANGE,Foreign Exchange Regulation Act 1952,0,0,0,0,,,,,,,
557,B - SPECIAL & LOCAL LAWS,FOREIGNER,Foreigners Act 1946,7,0,0,6,,,,,,,
558,B - SPECIAL & LOCAL LAWS,FOREIGNER,Registration of Foreigners Act 1939,0,0,0,0,,,,,,,
559,B - SPECIAL & LOCAL LAWS,FOREST,Indian Forest Act 1927,2,1,0,0,,,,,,,
560,B - SPECIAL & LOCAL LAWS,FOREST,Forest (Conservation) Act 1980,4,0,0,0,,,,,,,
561,B - SPECIAL & LOCAL LAWS,HIJACKING,Foreign Aircraft - In India,0,0,0,0,,,,,,,
562,B - SPECIAL & LOCAL LAWS,HIJACKING,Foreign Aircraft - Outside India,0,0,0,0,,,,,,,
563,B - SPECIAL & LOCAL LAWS,HIJACKING,Indian Aircraft - In India,0,0,0,0,,,,,,,
564,B - SPECIAL & LOCAL LAWS,HIJACKING,Indian Aircraft - Outside India,0,0,0,0,,,,,,,
565,B - SPECIAL & LOCAL LAWS,IMMORAL TRAFFIC,Organised,105,15,10,26,,,,,,,
566,B - SPECIAL & LOCAL LAWS,IMMORAL TRAFFIC,Un-Organised,39,7,2,6,,,,,,,
567,B - SPECIAL & LOCAL LAWS,BONDED LABOUR SYSTEM,NA,0,1,0,0,,,,,,,
568,B - SPECIAL & LOCAL LAWS,INDIAN MOTOR VEHICLE,NA,39,1,10,6,,,,,,,
569,B - SPECIAL & LOCAL LAWS,NARCOTIC DRUGS & PSYCHOTROPIC SUBSTANCES ACT,Cultivated/Processed,510,292,79,75,,,,,,,
570,B - SPECIAL & LOCAL LAWS,NARCOTIC DRUGS & PSYCHOTROPIC SUBSTANCES ACT,Synthetic,877,150,138,168,,,,,,,
571,B - SPECIAL & LOCAL LAWS,PASSPORT ACT,Foreigner,1,0,1,0,,,,,,,
572,B - SPECIAL & LOCAL LAWS,PASSPORT ACT,Indian,1,3,0,0,,,,,,,
573,B - SPECIAL & LOCAL LAWS,REPRESENTATIVE OF PEOPLE ACT 1951 & 1988,Assembly,3,171,2,0,,,,,,,
574,B - SPECIAL & LOCAL LAWS,REPRESENTATIVE OF PEOPLE ACT 1951 & 1989,Parliament,100,0,67,24,,,,,,,
575,B - SPECIAL & LOCAL LAWS,REPRESENTATIVE OF PEOPLE ACT 1951 & 1990,Other Elected Bodies,10,10,3,4,,,,,,,
576,B - SPECIAL & LOCAL LAWS,KARNATAKA POLICE ACT 1963,Gambling - Matka (78 Class C),2070,315,293,306,,,,,,,
577,B - SPECIAL & LOCAL LAWS,KARNATAKA POLICE ACT 1964,Street Gambling (87),2605,261,717,412,,,,,,,
578,B - SPECIAL & LOCAL LAWS,KARNATAKA POLICE ACT 1965,House Gambling (79 & 80),95,9,19,20,,,,,,,
579,B - SPECIAL & LOCAL LAWS,KARNATAKA POLICE ACT 1966,Betting ,357,73,171,114,,,,,,,
580,B - SPECIAL & LOCAL LAWS,KARNATAKA POLICE ACT 1967,Others ,286,55,48,29,,,,,,,
581,B - SPECIAL & LOCAL LAWS,PREVENTION OF DAMAGE TO PUBLIC PROPERTY ACT 1984,NA,73,10,11,20,,,,,,,
582,B - SPECIAL & LOCAL LAWS,"POST & TELEGRAPH, TELEGRAPH WIRES (UNLAWFUL POSSESSION) ACT 1980",OFFICIAL SECURITY RELATED ACTS,,,,,,,,,,,
583,B - SPECIAL & LOCAL LAWS,"POST & TELEGRAPH, TELEGRAPH WIRES (UNLAWFUL POSSESSION) ACT 1981",Official Secrets Act 1923,0,0,0,0,,,,,,,
584,B - SPECIAL & LOCAL LAWS,"POST & TELEGRAPH, TELEGRAPH WIRES (UNLAWFUL POSSESSION) ACT 1982",Essential Services Maintenance Act 1981,0,0,0,0,,,,,,,
585,B - SPECIAL & LOCAL LAWS,PREVENTION OF TERRORISM ACT (POTA),NA,0,0,0,0,,,,,,,
586,B - SPECIAL & LOCAL LAWS,RAILWAYS ACT,Indian Railways Act 1989,1,0,0,1,,,,,,,
587,B - SPECIAL & LOCAL LAWS,RAILWAYS ACT,Railway Property (Unlawful Possession) Act 1966,0,0,0,0,,,,,,,
588,B - SPECIAL & LOCAL LAWS,UNLAWFUL ACTIVITIES (Prevention) Act 1967,NA,4,0,1,0,,,,,,,
589,B - SPECIAL & LOCAL LAWS,CRIMES RELATED TO WOMEN,Dowry Prohibition,859,151,145,188,,,,,,,
590,B - SPECIAL & LOCAL LAWS,CRIMES RELATED TO WOMEN,Commission of SATI (Prevention) Act 1987,0,0,0,0,,,,,,,
591,B - SPECIAL & LOCAL LAWS,CRIMES RELATED TO WOMEN,Indecent Representation of Women (Prohibition) Act 1986,0,1,0,0,,,,,,,
592,B - SPECIAL & LOCAL LAWS,INDIAN LUNACY ACT,NA,0,0,0,0,,,,,,,
593,B - SPECIAL & LOCAL LAWS,INDIAN ELECTRICITY ACT,NA,2,0,1,0,,,,,,,
594,B - SPECIAL & LOCAL LAWS,"COTPA, CIGARETTES AND OTHER TOBACCO PRODUCTS",NA,359,37,35,95,,,,,,,
595,B - SPECIAL & LOCAL LAWS,KARNATAKA STATE LOCAL ACTS,Karnataka Cow Slaughters Act,86,7,21,14,,,,,,,
596,B - SPECIAL & LOCAL LAWS,KARNATAKA STATE LOCAL ACTS,Banning of Unregulated Deposit Schemes Act,11,0,0,0,,,,,,,
597,B - SPECIAL & LOCAL LAWS,KARNATAKA STATE LOCAL ACTS,Karnataka Epidemic Deseases Act 2020,0,0,0,0,,,,,,,
598,B - SPECIAL & LOCAL LAWS,KARNATAKA STATE LOCAL ACTS,"Motor Spirit and High Speed Diesel (Regulation of upply, Distribution and Prevention of Malpractice",0,0,0,0,,,,,,,
599,B - SPECIAL & LOCAL LAWS,KARNATAKA STATE LOCAL ACTS,Karnataka Prevention of Slaughter and Preservation of Cattle Act 2020,72,10,8,17,,,,,,,
600,B - SPECIAL & LOCAL LAWS,KARNATAKA STATE LOCAL ACTS,Disaster Management Act 2005,0,1,0,0,,,,,,,
601,B - SPECIAL & LOCAL LAWS,KARNATAKA STATE LOCAL ACTS,"The Karnataka Prevention of Dangerous Activities of Bootleggers, Drug-offenders, Gamblers, Goonda Act",0,0,0,0,,,,,,,
602,B - SPECIAL & LOCAL LAWS,KARNATAKA STATE LOCAL ACTS,Karnataka Excise Act 1965,3351,675,879,280,,,,,,,
603,B - SPECIAL & LOCAL LAWS,KARNATAKA STATE LOCAL ACTS,Karnataka Forest Act 1963,24,4,2,0,,,,,,,
604,B - SPECIAL & LOCAL LAWS,KARNATAKA STATE LOCAL ACTS,Karnataka Education Act 1983 As Amended Upto Date,4,2,0,0,,,,,,,
605,B - SPECIAL & LOCAL LAWS,KARNATAKA STATE LOCAL ACTS,Karnataka Kerosene Restriction Unuse Act 1956,1,0,0,1,,,,,,,
606,B - SPECIAL & LOCAL LAWS,KARNATAKA STATE LOCAL ACTS,Karnataka University Act,0,0,0,0,,,,,,,
607,B - SPECIAL & LOCAL LAWS,KARNATAKA STATE LOCAL ACTS,Karnataka Corruption Act,1,0,0,0,,,1255,,,,
608,B - SPECIAL & LOCAL LAWS,KARNATAKA STATE LOCAL ACTS,Karnataka Medical Registration Act 1965,0,0,0,0,,,,,,,
609,B - SPECIAL & LOCAL LAWS,KARNATAKA STATE LOCAL ACTS,Karnataka Land & Revenue Act 1964 & 2007,10,0,1,3,,,,,,,
610,B - SPECIAL & LOCAL LAWS,KARNATAKA STATE LOCAL ACTS,Karnataka Kerosene Dealers License Order 1969,0,0,0,0,,,7,,,,
611,B - SPECIAL & LOCAL LAWS,KARNATAKA STATE LOCAL ACTS,Karnataka Society Registration Act,0,0,0,0,,,1,,,,
612,B - SPECIAL & LOCAL LAWS,KARNATAKA STATE LOCAL ACTS,Karnataka Minor Mineral Consistent Rule 1994,26,0,5,4,,,0,,,,
613,B - SPECIAL & LOCAL LAWS,KARNATAKA STATE LOCAL ACTS,Bangalore Development Authority Act,0,0,0,0,,,2,,,,
614,B - SPECIAL & LOCAL LAWS,KARNATAKA STATE LOCAL ACTS,Karnataka Prohibition of Beggery Act 1975,0,1,0,0,,,8,,,,
615,B - SPECIAL & LOCAL LAWS,KARNATAKA STATE LOCAL ACTS,Karnataka Municipalities Act 1964,0,0,0,0,,,60,,,,
616,B - SPECIAL & LOCAL LAWS,KARNATAKA STATE LOCAL ACTS,Karnataka Irrigation Act 1963,1,1,0,0,,,0,,,,
617,B - SPECIAL & LOCAL LAWS,KARNATAKA STATE LOCAL ACTS,Karnataka Fire Force act 1964,1,0,0,1,,,0,,,,
618,B - SPECIAL & LOCAL LAWS,KARNATAKA STATE LOCAL ACTS,Karnataka Consumer Protection Act 1986,0,0,0,0,,,65,,,,
619,B - SPECIAL & LOCAL LAWS,KARNATAKA STATE LOCAL ACTS,Karnataka Lottery Act,21,3,4,0,,,3,,,,
620,B - SPECIAL & LOCAL LAWS,KARNATAKA STATE LOCAL ACTS,Karnataka Weight & Measurement Act,0,0,0,0,,,1,,,,
621,B - SPECIAL & LOCAL LAWS,KARNATAKA STATE LOCAL ACTS,Karnataka Agriculture Marketing Regulation Act,0,0,0,0,,,1,,,,
622,B - SPECIAL & LOCAL LAWS,KARNATAKA STATE LOCAL ACTS,Karnataka Revenue Act,0,0,0,0,,,2,,,,
623,B - SPECIAL & LOCAL LAWS,KARNATAKA STATE LOCAL ACTS,Karnataka Mining Act,0,0,0,0,,,4,,,,
624,B - SPECIAL & LOCAL LAWS,KARNATAKA STATE LOCAL ACTS,Karnataka Betting Tax Act,0,0,0,0,,,1,,,,
625,B - SPECIAL & LOCAL LAWS,KARNATAKA STATE LOCAL ACTS,Karnataka Panchayat Raj Act,0,0,0,0,,,18,,,,
626,B - SPECIAL & LOCAL LAWS,KARNATAKA STATE LOCAL ACTS,Karnataka Open Place Disfigurement Act 1951,30,39,9,6,,,0,,,,
627,B - SPECIAL & LOCAL LAWS,KARNATAKA STATE LOCAL ACTS,Karnataka Right To Information Act 2000 & 2008,0,0,0,0,,,1,,,,
628,B - SPECIAL & LOCAL LAWS,KARNATAKA STATE LOCAL ACTS,Karnataka Urban Development Act 1987,0,0,0,0,,,3,,,,
629,B - SPECIAL & LOCAL LAWS,KARNATAKA STATE LOCAL ACTS,Karnataka Town & City Planning Act 1961,0,0,0,0,,,5,,,,
630,B - SPECIAL & LOCAL LAWS,KARNATAKA STATE LOCAL ACTS,Karnataka Race Betting Act,0,0,0,0,,,0,,,,
631,B - SPECIAL & LOCAL LAWS,KARNATAKA STATE LOCAL ACTS,Karnataka Devadasi's (Prohibition Of Dedication) Act 1982,0,0,0,0,,,1,,,,
632,B - SPECIAL & LOCAL LAWS,KARNATAKA STATE LOCAL ACTS,Cooperative Society Act,0,1,0,0,,,36,,,,
633,B - SPECIAL & LOCAL LAWS,KARNATAKA STATE LOCAL ACTS,Karnataka Entertainment Tax Act 1958,0,0,0,0,,,0,,,,
634,B - SPECIAL & LOCAL LAWS,KARNATAKA STATE LOCAL ACTS,Karnataka Land Acquisition (Prohibition) Act 2007,0,0,0,0,,,1,,,,
635,B - SPECIAL & LOCAL LAWS,KARNATAKA STATE LOCAL ACTS,Karnataka Money Lender Act 1961,8,1,1,3,,,0,,,,
636,B - SPECIAL & LOCAL LAWS,KARNATAKA STATE LOCAL ACTS,Karnataka Stamp Act 1957,0,0,0,0,,,0,,,,
637,B - SPECIAL & LOCAL LAWS,KARNATAKA STATE LOCAL ACTS,Karnataka Prisoners Act 1963 & 1974,21,0,8,2,,,0,,,,
638,B - SPECIAL & LOCAL LAWS,KARNATAKA STATE LOCAL ACTS,Karnataka Private Medical Institution Act 2007,1,0,0,0,,,3,,,,
639,B - SPECIAL & LOCAL LAWS,KARNATAKA STATE LOCAL ACTS,MMRD (Mines & Minerals Regulation Development ) Act 1957,44,9,5,6,,,2,,,,
640,B - SPECIAL & LOCAL LAWS,KARNATAKA STATE LOCAL ACTS,Karnataka Treasure Trove Act 1962,0,0,0,0,,,3,,,,
641,B - SPECIAL & LOCAL LAWS,KARNATAKA STATE LOCAL ACTS,Karnataka Prohibition of Charging Exorbitant Interest Act 2004,7,2,0,3,,,11,,,,
642,B - SPECIAL & LOCAL LAWS,KARNATAKA STATE LOCAL ACTS,Karnataka Ayurvedic And Unani Pract. Regis. & Medical Prac. Misc. Prov. Act,0,0,0,0,,,0,,,,
643,B - SPECIAL & LOCAL LAWS,KARNATAKA STATE LOCAL ACTS,Other Local Acts,62,28,16,13,,,3,,,,
644,B - SPECIAL & LOCAL LAWS,KARNATAKA STATE LOCAL ACTS,Sub Total,3782,784,959,353,,,17,,,,
645,B - SPECIAL & LOCAL LAWS,KARNATAKA STATE LOCAL ACTS,CYBER CRIME,,,,,,,232,,,,
646,B - SPECIAL & LOCAL LAWS,KARNATAKA STATE LOCAL ACTS,"Information Technology Act 2000, 2009",9702,1572,1574,2281,,,0,,,,
647,B - SPECIAL & LOCAL LAWS,NATIONAL SECURITY ACT,NA,0,0,0,0,,,0,,,,
648,B - SPECIAL & LOCAL LAWS,POCSO,Custodial Rape,0,0,0,0,,,,,,,
649,B - SPECIAL & LOCAL LAWS,POCSO,Gang Rape,0,0,0,0,,,,,,,
650,B - SPECIAL & LOCAL LAWS,POCSO,Rape with Murder,3,0,0,1,,,,,,,
651,B - SPECIAL & LOCAL LAWS,POCSO,Rape,1163,227,224,205,,,,,,,
652,B - SPECIAL & LOCAL LAWS,POCSO,Others ,426,99,93,88,,,,,,,
653,B - SPECIAL & LOCAL LAWS,Rape (Sec. 376 IPC),1.1  Custodial Rape,1,0,0,0,,,,,,,
654,B - SPECIAL & LOCAL LAWS,Rape (Sec. 376 IPC),1.2  Gang Rape,8,0,1,2,,,,,,,
655,B - SPECIAL & LOCAL LAWS,Rape (Sec. 376 IPC),1.3  other Cases of Rape,270,49,50,78,,,,,,,
656,B - SPECIAL & LOCAL LAWS,Outraging modesty (Molestation) (sec.354 IPC),NA,3011,521,612,682,,,412,,,,
657,B - SPECIAL & LOCAL LAWS,Kidnapping & Abduction of Women: (Sec.366 IPC),NA,51,13,11,11,,,13,,,,
658,B - SPECIAL & LOCAL LAWS,Insulting modesty (Eve-Teasing) (Sec.294 & 509 IPC if victim is a woman),NA,48,12,12,12,,,399,,,,
659,B - SPECIAL & LOCAL LAWS,Murder for Dowry - by burning (Sec.302 IPC),NA,0,0,0,0,,,,,,,
660,B - SPECIAL & LOCAL LAWS,"Murder for Dowry - by other means
(Sec.302 IPC)",NA,3,2,3,0,,,,,,,
661,B - SPECIAL & LOCAL LAWS,Murder for other reasons,NA,184,34,39,45,,668,,,,,
662,B - SPECIAL & LOCAL LAWS,Attempt to Commit Murder for dowry by burning (Sec.307 IPC),NA,1,0,0,0,,37,,379,,,221
663,B - SPECIAL & LOCAL LAWS,Attempt to Commit Murder for dowry by other means (Sec.307 IPC),NA,17,5,1,5,,631,,18,,,15
664,B - SPECIAL & LOCAL LAWS,Attempt to Commit murder for other reasons,NA,361,53,71,100,,213,,361,,,206
665,B - SPECIAL & LOCAL LAWS,"Dowry Death-by burning
(Sec.304-B IPC)",NA,0,0,0,0,,16,,459-32,,,
666,B - SPECIAL & LOCAL LAWS,Dowry Death-by other Means (Sec.304(B) IPC),NA,45,47,9,9,224,197,,,,,
667,B - SPECIAL & LOCAL LAWS,Cruelty by Husband or Relatives of Husband (Sec.498-A IPC),NA,1380,183,219,325,,,,,,598,
668,B - SPECIAL & LOCAL LAWS,Abetment of Suicide (Sec.306 IPC),NA,117,13,13,9,,,408,,,33,
669,B - SPECIAL & LOCAL LAWS,Immoral Traffic (prevention) Act.,NA,144,22,12,32,262,,,,,565,
670,B - SPECIAL & LOCAL LAWS,Indecent Representation of Women(Prohibition) Act-1986,NA,0,1,0,0,,,,,,,
671,B - SPECIAL & LOCAL LAWS,Pornography,NA,0,0,0,0,,,,224,,,
672,B - SPECIAL & LOCAL LAWS,Offences against Public Servants (Sec.182-188-333-353 IPC),NA,56,8,15,11,,,,,393,,
673,B - SPECIAL & LOCAL LAWS,Offences related to Marriage,NA,15,3,1,4,403,,,,29,,
674,B - SPECIAL & LOCAL LAWS,Cyber Crimes,NA,2849,590,447,618,,,,,364,,
675,D.CRIME AGAINST CHILDREN,"Infanticide/ Foeticide 
(Sec. 315 & 316 IPC)",NA,0,0,0,0,,,,,,,
676,D.CRIME AGAINST CHILDREN,Rape on Minor,NA,0,0,0,0,,,,,,,
677,D.CRIME AGAINST CHILDREN,Exposure & abandonment (Sec. 317 IPC),NA,21,3,2,3,,,,,,,
678,D.CRIME AGAINST CHILDREN,Kidnapping & Abduction of Children,NA,1720,287,320,437,,,,,,,
679,D.CRIME AGAINST CHILDREN,For Ransom - of Children,NA,4,0,1,0,,,,,,,
680,D.CRIME AGAINST CHILDREN,of Children - for begging,NA,0,0,0,0,,,,,,,
681,D.CRIME AGAINST CHILDREN,of Girls - Immoral Purpose,NA,0,1,0,0,,,,,,,
682,D.CRIME AGAINST CHILDREN,With intent to Steal from Child,NA,0,0,0,0,,,,,,,
683,D.CRIME AGAINST CHILDREN,Lawful Guardianship,NA,0,0,0,0,,,,,,,
684,D.CRIME AGAINST CHILDREN,Procuration of Minor Girls - For Prostitution,NA,0,0,0,0,,,,,1601,,
685,D.CRIME AGAINST CHILDREN,Procuration of Minor Girls - Importing of Girl,NA,1,0,0,1,,,,,11,,
686,D.CRIME AGAINST CHILDREN,Procuration of Minor Girls - For Other Purposes,NA,11,1,4,2,,,,,1590,,
687,D.CRIME AGAINST CHILDREN,Sub Total ,NA,1736,289,325,440,,,,,,,
688,D.CRIME AGAINST CHILDREN,Selling of girls for Prostitution (Sec.372 IPC),NA,0,0,0,0,,,,,,,
689,D.CRIME AGAINST CHILDREN,The Prohibition of Child Marriage Act - 2006,NA,67,10,19,20,,,,,,,
690,D.CRIME AGAINST CHILDREN,POCSO Act,NA,1592,326,317,294,,,,,,,
691,D.CRIME AGAINST CHILDREN,Death of Children due to miscarriage,NA,13,1,2,3,,,,,,,
692,D.CRIME AGAINST CHILDREN,Juvenile Justice Act,NA,73,12,25,18,,,,,,,
693,D.CRIME AGAINST CHILDREN,Child Labour (Pro.& Reg.) Act,NA,30,19,7,4,,,,,,,
694,D.CRIME AGAINST CHILDREN,Probation of Offenders Act,NA,0,0,0,0,,,,,,,
695,"    E. CRIME AGAINST SCHEDULED CASTES /TRIBES BY NON SCs/STs 
",Murder,NA,45,12,9,3,,,,,,,
696,"    E. CRIME AGAINST SCHEDULED CASTES /TRIBES BY NON SCs/STs 
",Rape,NA,141,32,28,23,,,,,,,
697,"    E. CRIME AGAINST SCHEDULED CASTES /TRIBES BY NON SCs/STs 
",Kidnapping,NA,21,3,2,3,,,,,,,
698,"    E. CRIME AGAINST SCHEDULED CASTES /TRIBES BY NON SCs/STs 
",Offences under the Protection of Civil Rights Act.,NA,1,0,0,0,,,,,,,
699,"    E. CRIME AGAINST SCHEDULED CASTES /TRIBES BY NON SCs/STs 
",Offences under the SC & ST  (prevention of Atrocities)Act 1989 (if the victim is SC),NA,922,140,184,158,,,,,,,
